Interval,Top Keyword,Count,sentiment
2007Q1,Iraq,65,neutral
2007Q1,Baghdad,23,neutral
2007Q1,Iran,18,neutral
2007Q1,Pro,14,neutral
2007Q1,House,13,neutral
2007Q1,New,12,neutral
2007Q1,Bomb,11,neutral
2007Q1,White,9,neutral
2007Q1,The,9,neutral
2007Q1,Iraqi,9,neutral
2007Q1,Led,8,neutral
2007Q1,Saudi,7,neutral
2007Q1,Aid,7,neutral
2007Q1,Palestinians,7,neutral
2007Q1,Strategy,6,neutral
2007Q1,Attack,6,neutral
2007Q1,Russia,6,neutral
2007Q1,Military,6,neutral
2007Q1,School,6,neutral
2007Q1,Somalia,5,neutral
2007Q1,Sur,5,neutral
2007Q1,Caucus,5,neutral
2007Q1,Super,5,positive
2007Q1,Sunni,4,neutral
2007Q1,Intelligence,4,neutral
2007Q1,Plan,4,neutral
2007Q1,Brazil,4,neutral
2007Q1,Libby,4,neutral
2007Q1,Deal,4,neutral
2007Q1,Bowl,4,positive
2007Q1,Hamas,4,neutral
2007Q1,North,4,neutral
2007Q1,Green,4,neutral
2007Q1,Anti,4,neutral
2007Q1,Car,4,neutral
2007Q1,Walter,4,neutral
2007Q1,Henry,4,neutral
2007Q1,Wes,4,neutral
2007Q1,Bronx,4,neutral
2007Q1,Crime,4,neutral
2007Q1,Jersey,3,neutral
2007Q1,Life,3,neutral
2007Q1,Empire,3,neutral
2007Q1,Zone,3,neutral
2007Q1,Age,3,neutral
2007Q1,Home,3,positive
2007Q1,Tax,3,neutral
2007Q1,Cut,3,neutral
2007Q1,General,3,neutral
2007Q1,the,3,neutral
2007Q2,Iraq,41,neutral
2007Q2,China,21,neutral
2007Q2,House,15,neutral
2007Q2,White,15,neutral
2007Q2,Iran,14,neutral
2007Q2,War,14,neutral
2007Q2,Led,14,neutral
2007Q2,Pro,12,neutral
2007Q2,Hamas,12,neutral
2007Q2,The,12,neutral
2007Q2,New,11,neutral
2007Q2,Immigration,11,neutral
2007Q2,Baghdad,10,neutral
2007Q2,Gaza,10,neutral
2007Q2,Jersey,8,neutral
2007Q2,Pakistan,8,neutral
2007Q2,Israel,7,neutral
2007Q2,Show,7,neutral
2007Q2,Bomb,7,neutral
2007Q2,London,7,neutral
2007Q2,Climate,6,neutral
2007Q2,the,6,neutral
2007Q2,World,6,neutral
2007Q2,Murder,6,neutral
2007Q2,Dow,6,neutral
2007Q2,Jones,6,neutral
2007Q2,Bloomberg,6,positive
2007Q2,West,5,neutral
2007Q2,President,5,neutral
2007Q2,Bank,5,neutral
2007Q2,Nigeria,5,neutral
2007Q2,Korea,5,neutral
2007Q2,Microsoft,5,neutral
2007Q2,Long,4,neutral
2007Q2,History,4,neutral
2007Q2,Vermont,4,neutral
2007Q2,Chrysler,4,neutral
2007Q2,Europe,4,neutral
2007Q2,North,4,neutral
2007Q2,Israeli,4,neutral
2007Q2,Sing,4,neutral
2007Q2,Dar,4,neutral
2007Q2,Street,4,neutral
2007Q2,Taliban,4,neutral
2007Q2,General,4,neutral
2007Q2,Sur,4,neutral
2007Q2,Ethiopia,4,neutral
2007Q2,Joint,4,neutral
2007Q2,Chiefs,4,neutral
2007Q2,Fat,4,neutral
2007Q3,Iraq,59,neutral
2007Q3,Led,23,neutral
2007Q3,New,18,neutral
2007Q3,Pakistan,18,neutral
2007Q3,Myanmar,13,neutral
2007Q3,Orleans,11,neutral
2007Q3,Pro,11,neutral
2007Q3,China,10,neutral
2007Q3,Bridge,10,neutral
2007Q3,Baghdad,9,neutral
2007Q3,Iran,9,neutral
2007Q3,City,9,neutral
2007Q3,Taliban,9,neutral
2007Q3,Case,8,neutral
2007Q3,Room,8,neutral
2007Q3,Caucus,7,neutral
2007Q3,Force,7,neutral
2007Q3,Hurricane,7,neutral
2007Q3,Spy,7,neutral
2007Q3,Bomb,6,neutral
2007Q3,Sur,6,neutral
2007Q3,Russia,6,neutral
2007Q3,the,6,neutral
2007Q3,Show,6,neutral
2007Q3,Bomber,5,neutral
2007Q3,War,5,neutral
2007Q3,General,5,neutral
2007Q3,After,5,neutral
2007Q3,Suicide,5,negative
2007Q3,Terror,5,negative
2007Q3,Plan,5,neutral
2007Q3,Stand,5,neutral
2007Q3,Policy,5,neutral
2007Q3,Talk,5,neutral
2007Q3,The,5,neutral
2007Q3,Gaza,4,neutral
2007Q3,North,4,neutral
2007Q3,Korea,4,neutral
2007Q3,York,4,neutral
2007Q3,White,4,neutral
2007Q3,House,4,neutral
2007Q3,Earth,4,neutral
2007Q3,Qaeda,4,neutral
2007Q3,Bruno,4,neutral
2007Q3,Aid,4,neutral
2007Q3,Letters,4,neutral
2007Q3,Wine,4,neutral
2007Q3,Tim,4,neutral
2007Q3,Bank,4,neutral
2007Q3,Afghanistan,4,neutral
2007Q4,Iraq,29,neutral
2007Q4,Pakistan,23,neutral
2007Q4,New,14,neutral
2007Q4,Iran,13,neutral
2007Q4,Iowa,13,neutral
2007Q4,China,10,neutral
2007Q4,Led,9,neutral
2007Q4,Climate,9,neutral
2007Q4,Myanmar,8,neutral
2007Q4,Pro,7,neutral
2007Q4,Black,7,neutral
2007Q4,Turkey,7,neutral
2007Q4,York,7,neutral
2007Q4,Economy,6,neutral
2007Q4,the,6,neutral
2007Q4,Russia,6,neutral
2007Q4,The,5,neutral
2007Q4,Inter,5,neutral
2007Q4,Gen,5,neutral
2007Q4,Show,5,neutral
2007Q4,Media,5,neutral
2007Q4,World,5,neutral
2007Q4,California,5,neutral
2007Q4,Clinton,5,neutral
2007Q4,Cell,5,neutral
2007Q4,Putin,4,neutral
2007Q4,Bloomberg,4,positive
2007Q4,Power,4,positive
2007Q4,Baghdad,4,neutral
2007Q4,Con,4,neutral
2007Q4,Earth,4,neutral
2007Q4,Goldman,4,neutral
2007Q4,Christmas,4,positive
2007Q4,Santa,4,positive
2007Q4,Europe,3,neutral
2007Q4,Korea,3,neutral
2007Q4,Medicine,3,neutral
2007Q4,Syria,3,neutral
2007Q4,Inquiry,3,neutral
2007Q4,Tai,3,neutral
2007Q4,Hearing,3,neutral
2007Q4,Man,3,neutral
2007Q4,Microsoft,3,neutral
2007Q4,Rice,3,neutral
2007Q4,Interview,3,neutral
2007Q4,Suicide,3,negative
2007Q4,Water,3,neutral
2007Q4,Time,3,neutral
2007Q4,Care,3,neutral
2007Q4,Georgia,3,neutral
2008Q1,Pro,14,neutral
2008Q1,Iraq,14,neutral
2008Q1,South,13,neutral
2008Q1,Pakistan,12,neutral
2008Q1,China,10,neutral
2008Q1,New,10,neutral
2008Q1,Carolina,10,neutral
2008Q1,Iowa,9,neutral
2008Q1,Clinton,9,neutral
2008Q1,Led,9,neutral
2008Q1,Baghdad,8,neutral
2008Q1,Show,8,neutral
2008Q1,the,8,neutral
2008Q1,Microsoft,8,neutral
2008Q1,Florida,7,neutral
2008Q1,Texas,7,neutral
2008Q1,Yahoo,7,neutral
2008Q1,Kosovo,7,neutral
2008Q1,Ohio,7,neutral
2008Q1,Nevada,6,neutral
2008Q1,Bill,6,neutral
2008Q1,The,6,neutral
2008Q1,Wall,6,neutral
2008Q1,Street,6,neutral
2008Q1,Ball,6,neutral
2008Q1,Army,6,neutral
2008Q1,Putin,6,neutral
2008Q1,Russia,6,neutral
2008Q1,Iraqi,6,neutral
2008Q1,Caucus,5,neutral
2008Q1,Crane,5,neutral
2008Q1,Col,5,neutral
2008Q1,North,4,neutral
2008Q1,Live,4,neutral
2008Q1,Economy,4,neutral
2008Q1,War,4,neutral
2008Q1,Evangelical,4,neutral
2008Q1,Vegas,4,neutral
2008Q1,York,4,neutral
2008Q1,Shi,4,neutral
2008Q1,David,4,neutral
2008Q1,Paterson,4,neutral
2008Q1,Time,4,neutral
2008Q1,Next,3,neutral
2008Q1,Palestinians,3,neutral
2008Q1,Iran,3,neutral
2008Q1,Sur,3,neutral
2008Q1,Peace,3,positive
2008Q1,Stock,3,neutral
2008Q1,Gaza,3,neutral
2008Q2,Zimbabwe,23,neutral
2008Q2,Myanmar,16,neutral
2008Q2,New,12,neutral
2008Q2,Pakistan,12,neutral
2008Q2,York,11,neutral
2008Q2,Show,10,neutral
2008Q2,China,9,neutral
2008Q2,Day,8,neutral
2008Q2,Pentagon,8,neutral
2008Q2,Iran,8,neutral
2008Q2,Clinton,7,neutral
2008Q2,Obama,7,neutral
2008Q2,Off,7,neutral
2008Q2,Microsoft,6,neutral
2008Q2,Yahoo,6,neutral
2008Q2,White,6,neutral
2008Q2,Iraqi,6,neutral
2008Q2,Opposition,6,neutral
2008Q2,Iraq,6,neutral
2008Q2,House,5,neutral
2008Q2,North,5,neutral
2008Q2,California,5,neutral
2008Q2,Speech,5,neutral
2008Q2,Flood,5,negative
2008Q2,Stock,4,neutral
2008Q2,Election,4,neutral
2008Q2,Live,4,neutral
2008Q2,Africa,4,neutral
2008Q2,Army,4,neutral
2008Q2,Baghdad,4,neutral
2008Q2,Florida,4,neutral
2008Q2,The,4,neutral
2008Q2,Gun,4,neutral
2008Q2,Sex,4,neutral
2008Q2,Tiger,4,neutral
2008Q2,and,4,neutral
2008Q2,Taliban,4,neutral
2008Q2,Russ,4,neutral
2008Q2,Air,3,neutral
2008Q2,Mother,3,neutral
2008Q2,Afghan,3,neutral
2008Q2,Foreign,3,neutral
2008Q2,Policy,3,neutral
2008Q2,Church,3,positive
2008Q2,Texas,3,neutral
2008Q2,Saint,3,neutral
2008Q2,Pope,3,neutral
2008Q2,Mayor,3,neutral
2008Q2,Google,3,neutral
2008Q2,John,3,neutral
2008Q3,Russia,22,neutral
2008Q3,Pakistan,13,neutral
2008Q3,Georgia,13,neutral
2008Q3,New,12,neutral
2008Q3,Iraq,11,neutral
2008Q3,Beijing,10,neutral
2008Q3,China,9,neutral
2008Q3,Wall,9,neutral
2008Q3,Street,9,neutral
2008Q3,Led,9,neutral
2008Q3,Hurricane,8,neutral
2008Q3,Time,7,neutral
2008Q3,Iran,7,neutral
2008Q3,The,7,neutral
2008Q3,Fan,6,neutral
2008Q3,Taliban,6,neutral
2008Q3,Obama,5,neutral
2008Q3,Baghdad,5,neutral
2008Q3,Alaska,5,neutral
2008Q3,Orleans,5,neutral
2008Q3,Storm,5,neutral
2008Q3,Bai,5,neutral
2008Q3,Con,4,neutral
2008Q3,Colombia,4,neutral
2008Q3,Suicide,4,negative
2008Q3,Washington,4,neutral
2008Q3,All,4,neutral
2008Q3,Freddie,4,neutral
2008Q3,White,4,neutral
2008Q3,House,4,neutral
2008Q3,York,4,neutral
2008Q3,Clinton,4,neutral
2008Q3,Stock,4,neutral
2008Q3,Show,4,neutral
2008Q3,Earth,4,neutral
2008Q3,Denver,4,neutral
2008Q3,Economy,4,neutral
2008Q3,Foreign,4,neutral
2008Q3,Policy,4,neutral
2008Q3,Speech,4,neutral
2008Q3,Military,3,neutral
2008Q3,Caucus,3,neutral
2008Q3,Google,3,neutral
2008Q3,Day,3,neutral
2008Q3,Baseball,3,neutral
2008Q3,Post,3,neutral
2008Q3,Zimbabwe,3,neutral
2008Q3,Test,3,neutral
2008Q3,Side,3,neutral
2008Q3,Paris,3,positive
2008Q4,Stock,10,neutral
2008Q4,Show,10,neutral
2008Q4,New,10,neutral
2008Q4,China,10,neutral
2008Q4,Mumbai,9,neutral
2008Q4,Coal,9,neutral
2008Q4,Europe,7,neutral
2008Q4,Time,7,neutral
2008Q4,Pakistan,7,neutral
2008Q4,The,7,neutral
2008Q4,Mother,7,neutral
2008Q4,Sur,6,neutral
2008Q4,One,6,neutral
2008Q4,Bai,6,neutral
2008Q4,Street,6,neutral
2008Q4,the,6,neutral
2008Q4,City,5,neutral
2008Q4,Chrysler,5,neutral
2008Q4,Day,5,neutral
2008Q4,Japan,5,neutral
2008Q4,York,5,neutral
2008Q4,Bank,5,neutral
2008Q4,American,5,neutral
2008Q4,Pro,5,neutral
2008Q4,Ohio,5,neutral
2008Q4,Credit,5,neutral
2008Q4,World,5,neutral
2008Q4,Iraq,5,neutral
2008Q4,Russia,5,neutral
2008Q4,Green,5,neutral
2008Q4,Auto,5,neutral
2008Q4,Generation,5,neutral
2008Q4,Fire,5,neutral
2008Q4,Business,4,neutral
2008Q4,House,4,neutral
2008Q4,Job,4,neutral
2008Q4,Financial,4,neutral
2008Q4,National,4,neutral
2008Q4,Hill,4,neutral
2008Q4,Air,4,neutral
2008Q4,Bill,4,neutral
2008Q4,Led,4,neutral
2008Q4,Wall,4,neutral
2008Q4,Energy,4,positive
2008Q4,Illinois,4,neutral
2008Q4,Faith,4,positive
2008Q4,Mayor,3,neutral
2008Q4,Coalition,3,neutral
2008Q4,Economy,3,neutral
2008Q4,California,3,neutral
2009Q1,Israel,22,neutral
2009Q1,Gaza,21,neutral
2009Q1,Pakistan,18,neutral
2009Q1,Taliban,9,neutral
2009Q1,Hamas,8,neutral
2009Q1,Bai,8,neutral
2009Q1,China,8,neutral
2009Q1,White,8,neutral
2009Q1,President,7,neutral
2009Q1,Wall,7,neutral
2009Q1,Iraq,7,neutral
2009Q1,Cell,7,neutral
2009Q1,Led,6,neutral
2009Q1,For,6,neutral
2009Q1,Obama,6,neutral
2009Q1,House,6,neutral
2009Q1,Street,6,neutral
2009Q1,Pro,5,neutral
2009Q1,Bill,5,neutral
2009Q1,Speech,5,neutral
2009Q1,Texas,5,neutral
2009Q1,the,5,neutral
2009Q1,New,4,neutral
2009Q1,Senate,4,neutral
2009Q1,Afghan,4,neutral
2009Q1,Show,4,neutral
2009Q1,Crash,4,neutral
2009Q1,Plan,4,neutral
2009Q1,Russia,4,neutral
2009Q1,Line,4,neutral
2009Q1,Leader,4,neutral
2009Q1,Bank,4,neutral
2009Q1,River,4,neutral
2009Q1,Egypt,3,neutral
2009Q1,Over,3,neutral
2009Q1,Slow,3,neutral
2009Q1,Austria,3,neutral
2009Q1,Health,3,neutral
2009Q1,Home,3,positive
2009Q1,Europe,3,neutral
2009Q1,Defense,3,neutral
2009Q1,Super,3,positive
2009Q1,Bowl,3,positive
2009Q1,America,3,neutral
2009Q1,Counter,3,neutral
2009Q1,Col,3,neutral
2009Q1,Aid,3,neutral
2009Q1,Car,3,neutral
2009Q1,Wanted,3,neutral
2009Q1,California,3,neutral
2009Q2,Iran,35,neutral
2009Q2,Pakistan,21,neutral
2009Q2,Led,20,neutral
2009Q2,Pro,16,neutral
2009Q2,Taliban,12,neutral
2009Q2,New,11,neutral
2009Q2,Iraq,10,neutral
2009Q2,Chrysler,10,neutral
2009Q2,Show,9,neutral
2009Q2,Korea,9,neutral
2009Q2,North,8,neutral
2009Q2,Economy,7,neutral
2009Q2,Bank,7,neutral
2009Q2,Time,6,neutral
2009Q2,Baghdad,6,neutral
2009Q2,China,6,neutral
2009Q2,York,6,neutral
2009Q2,Russia,5,neutral
2009Q2,the,5,neutral
2009Q2,World,5,neutral
2009Q2,For,5,neutral
2009Q2,White,5,neutral
2009Q2,House,5,neutral
2009Q2,Earth,5,neutral
2009Q2,Climate,5,neutral
2009Q2,Mexico,5,neutral
2009Q2,President,5,neutral
2009Q2,Iranian,5,neutral
2009Q2,Tehran,5,neutral
2009Q2,Afghanistan,4,neutral
2009Q2,The,4,neutral
2009Q2,Wall,4,neutral
2009Q2,Street,4,neutral
2009Q2,Sri,4,neutral
2009Q2,Lanka,4,neutral
2009Q2,Bomb,4,neutral
2009Q2,Speech,4,neutral
2009Q2,Uganda,4,neutral
2009Q2,Nile,4,neutral
2009Q2,Military,4,neutral
2009Q2,Tri,3,neutral
2009Q2,Tobacco,3,neutral
2009Q2,Porsche,3,neutral
2009Q2,Riot,3,negative
2009Q2,Missile,3,neutral
2009Q2,India,3,neutral
2009Q2,Captain,3,neutral
2009Q2,Cuba,3,neutral
2009Q2,Treaty,3,neutral
2009Q2,Arm,3,neutral
2009Q3,Iran,37,neutral
2009Q3,Taliban,14,neutral
2009Q3,Pro,13,neutral
2009Q3,Afghan,13,neutral
2009Q3,Pakistan,12,neutral
2009Q3,China,11,neutral
2009Q3,President,11,neutral
2009Q3,Led,10,neutral
2009Q3,Time,9,neutral
2009Q3,Show,9,neutral
2009Q3,Russia,8,neutral
2009Q3,Water,8,neutral
2009Q3,Afghanistan,8,neutral
2009Q3,California,7,neutral
2009Q3,Job,7,neutral
2009Q3,Iraq,7,neutral
2009Q3,Missile,7,neutral
2009Q3,New,7,neutral
2009Q3,War,7,neutral
2009Q3,Prison,7,neutral
2009Q3,House,6,neutral
2009Q3,Africa,6,neutral
2009Q3,White,5,neutral
2009Q3,Defense,5,neutral
2009Q3,Con,5,neutral
2009Q3,York,5,neutral
2009Q3,Bank,5,neutral
2009Q3,Clinton,5,neutral
2009Q3,The,5,neutral
2009Q3,Wall,5,neutral
2009Q3,Street,5,neutral
2009Q3,Mother,4,neutral
2009Q3,Health,4,neutral
2009Q3,Hearing,4,neutral
2009Q3,Abu,4,neutral
2009Q3,Korea,4,neutral
2009Q3,Iranian,4,neutral
2009Q3,World,4,neutral
2009Q3,Ahmad,4,neutral
2009Q3,Bad,4,neutral
2009Q3,News,4,neutral
2009Q3,Violence,4,negative
2009Q3,Speech,4,neutral
2009Q3,America,4,neutral
2009Q3,Estate,3,neutral
2009Q3,Death,3,negative
2009Q3,Governor,3,neutral
2009Q3,Caucus,3,neutral
2009Q3,Google,3,neutral
2009Q3,Riot,3,negative
2009Q4,Iran,25,neutral
2009Q4,Pakistan,21,neutral
2009Q4,Climate,21,neutral
2009Q4,Pro,20,neutral
2009Q4,Time,14,neutral
2009Q4,China,12,neutral
2009Q4,Afghanistan,12,neutral
2009Q4,New,11,neutral
2009Q4,House,10,neutral
2009Q4,Taliban,9,neutral
2009Q4,Led,8,neutral
2009Q4,Show,8,neutral
2009Q4,White,7,neutral
2009Q4,the,7,neutral
2009Q4,World,7,neutral
2009Q4,Black,7,neutral
2009Q4,Iraq,6,neutral
2009Q4,Russia,6,neutral
2009Q4,Bloomberg,6,positive
2009Q4,Sur,6,neutral
2009Q4,Car,6,neutral
2009Q4,Jersey,6,neutral
2009Q4,The,5,neutral
2009Q4,Qaeda,5,neutral
2009Q4,Obama,5,neutral
2009Q4,Strategy,5,neutral
2009Q4,Off,5,neutral
2009Q4,Bomb,5,neutral
2009Q4,Fort,5,neutral
2009Q4,Hood,5,neutral
2009Q4,Copenhagen,5,neutral
2009Q4,Dubai,5,neutral
2009Q4,Life,4,neutral
2009Q4,Abu,4,neutral
2009Q4,Wall,4,neutral
2009Q4,Nobel,4,neutral
2009Q4,Anti,4,neutral
2009Q4,Bank,4,neutral
2009Q4,Anglican,4,neutral
2009Q4,Mayor,4,neutral
2009Q4,Speech,4,neutral
2009Q4,Deal,4,neutral
2009Q4,Christmas,4,positive
2009Q4,Yemen,4,neutral
2009Q4,Russians,4,neutral
2009Q4,Military,3,neutral
2009Q4,Afghan,3,neutral
2009Q4,Con,3,neutral
2009Q4,Prize,3,neutral
2009Q4,Kabul,3,neutral
2010Q1,Haiti,32,neutral
2010Q1,Iran,22,neutral
2010Q1,Toyota,21,neutral
2010Q1,China,15,neutral
2010Q1,Google,12,neutral
2010Q1,New,12,neutral
2010Q1,Iraq,12,neutral
2010Q1,Yemen,10,neutral
2010Q1,Abu,9,neutral
2010Q1,Pro,8,neutral
2010Q1,House,8,neutral
2010Q1,York,8,neutral
2010Q1,Taliban,8,neutral
2010Q1,The,8,neutral
2010Q1,Black,7,neutral
2010Q1,White,7,neutral
2010Q1,Led,7,neutral
2010Q1,Health,6,neutral
2010Q1,the,6,neutral
2010Q1,Suicide,5,negative
2010Q1,Pakistan,5,neutral
2010Q1,Bomb,5,neutral
2010Q1,Financial,5,neutral
2010Q1,Haitian,5,neutral
2010Q1,Text,5,neutral
2010Q1,Snow,5,neutral
2010Q1,Moscow,5,neutral
2010Q1,Press,4,neutral
2010Q1,Show,4,neutral
2010Q1,Wall,4,neutral
2010Q1,Street,4,neutral
2010Q1,California,4,neutral
2010Q1,Attack,4,neutral
2010Q1,Massachusetts,4,neutral
2010Q1,Baghdad,4,neutral
2010Q1,Connecticut,4,neutral
2010Q1,Nigeria,4,neutral
2010Q1,Chile,4,neutral
2010Q1,Priest,4,neutral
2010Q1,Bomber,3,neutral
2010Q1,Car,3,neutral
2010Q1,Mexico,3,neutral
2010Q1,Earth,3,neutral
2010Q1,Ang,3,neutral
2010Q1,Rite,3,neutral
2010Q1,Message,3,neutral
2010Q1,for,3,neutral
2010Q1,Week,3,neutral
2010Q1,Union,3,neutral
2010Q1,Air,3,neutral
2010Q2,Led,23,neutral
2010Q2,Party,12,neutral
2010Q2,New,11,neutral
2010Q2,China,11,neutral
2010Q2,Iran,9,neutral
2010Q2,Pro,9,neutral
2010Q2,The,9,neutral
2010Q2,Tea,9,neutral
2010Q2,Bomb,9,neutral
2010Q2,Gaza,8,neutral
2010Q2,Show,8,neutral
2010Q2,Europe,8,neutral
2010Q2,Times,8,neutral
2010Q2,Square,8,neutral
2010Q2,Oil,8,neutral
2010Q2,Iraq,7,neutral
2010Q2,Israel,7,neutral
2010Q2,Bangkok,7,neutral
2010Q2,France,6,neutral
2010Q2,the,6,neutral
2010Q2,Arizona,6,neutral
2010Q2,Greece,6,neutral
2010Q2,White,6,neutral
2010Q2,House,6,neutral
2010Q2,Car,6,neutral
2010Q2,Time,6,neutral
2010Q2,Taliban,6,neutral
2010Q2,Gulf,6,neutral
2010Q2,Russia,5,neutral
2010Q2,Priest,5,neutral
2010Q2,Kyrgyzstan,5,neutral
2010Q2,Law,5,neutral
2010Q2,Vatican,4,neutral
2010Q2,Court,4,neutral
2010Q2,Abu,4,neutral
2010Q2,Arkansas,4,neutral
2010Q2,Immigration,4,neutral
2010Q2,Climate,4,neutral
2010Q2,York,4,neutral
2010Q2,Hearing,4,neutral
2010Q2,Job,4,neutral
2010Q2,Pakistan,4,neutral
2010Q2,General,4,neutral
2010Q2,President,3,neutral
2010Q2,Five,3,neutral
2010Q2,Death,3,negative
2010Q2,Mine,3,neutral
2010Q2,Violence,3,negative
2010Q2,Africa,3,neutral
2010Q2,Years,3,neutral
2010Q3,Pakistan,20,neutral
2010Q3,Iraq,14,neutral
2010Q3,New,13,neutral
2010Q3,Led,9,neutral
2010Q3,Time,9,neutral
2010Q3,Russia,8,neutral
2010Q3,Flood,8,negative
2010Q3,York,7,neutral
2010Q3,The,7,neutral
2010Q3,Afghan,7,neutral
2010Q3,California,7,neutral
2010Q3,White,7,neutral
2010Q3,House,7,neutral
2010Q3,Ground,7,neutral
2010Q3,Zero,7,neutral
2010Q3,War,6,neutral
2010Q3,Taliban,6,neutral
2010Q3,Iran,6,neutral
2010Q3,Suicide,6,negative
2010Q3,Afghanistan,6,neutral
2010Q3,Alaska,6,neutral
2010Q3,China,6,neutral
2010Q3,India,5,neutral
2010Q3,Hurricane,5,neutral
2010Q3,Five,5,neutral
2010Q3,Tea,5,neutral
2010Q3,Party,5,neutral
2010Q3,Spy,4,neutral
2010Q3,Military,4,neutral
2010Q3,Israel,4,neutral
2010Q3,Room,4,neutral
2010Q3,Oil,4,neutral
2010Q3,Mari,4,neutral
2010Q3,Black,4,neutral
2010Q3,Show,4,neutral
2010Q3,Tax,4,neutral
2010Q3,Airport,3,neutral
2010Q3,Mid,3,neutral
2010Q3,Arizona,3,neutral
2010Q3,City,3,neutral
2010Q3,Delaware,3,neutral
2010Q3,Recovery,3,neutral
2010Q3,Robot,3,neutral
2010Q3,History,3,neutral
2010Q3,Off,3,neutral
2010Q3,Test,3,neutral
2010Q3,Campaign,3,neutral
2010Q3,Cancer,3,neutral
2010Q3,Sur,3,neutral
2010Q3,Petra,3,neutral
2010Q4,China,28,neutral
2010Q4,Iran,18,neutral
2010Q4,Korea,18,neutral
2010Q4,Led,13,neutral
2010Q4,New,12,neutral
2010Q4,Iraq,12,neutral
2010Q4,Pakistan,10,neutral
2010Q4,South,10,neutral
2010Q4,Time,9,neutral
2010Q4,House,8,neutral
2010Q4,For,8,neutral
2010Q4,The,7,neutral
2010Q4,Deal,7,neutral
2010Q4,North,7,neutral
2010Q4,Military,6,neutral
2010Q4,Pro,6,neutral
2010Q4,Taliban,6,neutral
2010Q4,Wall,5,neutral
2010Q4,Prize,5,neutral
2010Q4,Bank,5,neutral
2010Q4,NATO,5,neutral
2010Q4,Health,5,neutral
2010Q4,India,5,neutral
2010Q4,the,5,neutral
2010Q4,Tax,5,neutral
2010Q4,Spider,5,neutral
2010Q4,Man,5,neutral
2010Q4,Street,4,neutral
2010Q4,Nobel,4,neutral
2010Q4,for,4,neutral
2010Q4,Senate,4,neutral
2010Q4,White,4,neutral
2010Q4,Europe,4,neutral
2010Q4,Japan,4,neutral
2010Q4,Bill,4,neutral
2010Q4,Net,4,neutral
2010Q4,Ireland,4,neutral
2010Q4,Diploma,4,neutral
2010Q4,Cut,4,neutral
2010Q4,Russia,4,neutral
2010Q4,Israel,4,neutral
2010Q4,Race,3,neutral
2010Q4,West,3,neutral
2010Q4,Governor,3,neutral
2010Q4,Jersey,3,neutral
2010Q4,Chile,3,neutral
2010Q4,Google,3,neutral
2010Q4,Life,3,neutral
2010Q4,Black,3,neutral
2010Q4,Afghanistan,3,neutral
2011Q1,Pro,66,neutral
2011Q1,Egypt,45,neutral
2011Q1,Japan,26,neutral
2011Q1,Libya,24,neutral
2011Q1,Led,21,neutral
2011Q1,Yemen,14,neutral
2011Q1,Bahrain,13,neutral
2011Q1,Tunisia,12,neutral
2011Q1,New,9,neutral
2011Q1,Military,9,neutral
2011Q1,China,8,neutral
2011Q1,Iran,7,neutral
2011Q1,Cairo,7,neutral
2011Q1,Tripoli,7,neutral
2011Q1,House,6,neutral
2011Q1,Budget,6,neutral
2011Q1,Speech,6,neutral
2011Q1,Tucson,6,neutral
2011Q1,Google,6,neutral
2011Q1,East,6,neutral
2011Q1,Nuclear,6,neutral
2011Q1,Wisconsin,6,neutral
2011Q1,Syria,6,neutral
2011Q1,Arizona,5,neutral
2011Q1,Jordan,5,neutral
2011Q1,Forces,5,neutral
2011Q1,Middle,5,neutral
2011Q1,Iraq,4,neutral
2011Q1,York,4,neutral
2011Q1,Sudan,4,neutral
2011Q1,White,4,neutral
2011Q1,Man,4,neutral
2011Q1,Time,4,neutral
2011Q1,Ivory,4,neutral
2011Q1,Coast,4,neutral
2011Q1,Union,4,neutral
2011Q1,News,4,neutral
2011Q1,Tokyo,4,neutral
2011Q1,NATO,4,neutral
2011Q1,Alzheimer,3,neutral
2011Q1,Earth,3,neutral
2011Q1,Brown,3,neutral
2011Q1,Play,3,neutral
2011Q1,South,3,neutral
2011Q1,Gun,3,neutral
2011Q1,Bill,3,neutral
2011Q1,Lebanon,3,neutral
2011Q1,Chairman,3,neutral
2011Q1,Life,3,neutral
2011Q1,Israel,3,neutral
2011Q2,Pro,28,neutral
2011Q2,Syria,24,neutral
2011Q2,NATO,20,neutral
2011Q2,Bin,20,neutral
2011Q2,Pakistan,16,neutral
2011Q2,Yemen,15,neutral
2011Q2,Led,15,neutral
2011Q2,New,11,neutral
2011Q2,Libya,10,neutral
2011Q2,Coast,9,neutral
2011Q2,Ivory,8,neutral
2011Q2,Japan,8,neutral
2011Q2,China,7,neutral
2011Q2,York,7,neutral
2011Q2,Tor,7,neutral
2011Q2,Taliban,7,neutral
2011Q2,Marriage,7,neutral
2011Q2,France,6,neutral
2011Q2,President,6,neutral
2011Q2,The,5,neutral
2011Q2,Time,5,neutral
2011Q2,Con,5,neutral
2011Q2,Military,5,neutral
2011Q2,Col,5,neutral
2011Q2,Syrian,5,neutral
2011Q2,Turkey,5,neutral
2011Q2,Missouri,5,neutral
2011Q2,Nuclear,4,neutral
2011Q2,Arizona,4,neutral
2011Q2,Gaza,4,neutral
2011Q2,City,4,neutral
2011Q2,War,4,neutral
2011Q2,Forces,4,neutral
2011Q2,Show,4,neutral
2011Q2,White,4,neutral
2011Q2,Europe,4,neutral
2011Q2,California,4,neutral
2011Q2,Afghan,3,neutral
2011Q2,Letter,3,neutral
2011Q2,Tripoli,3,neutral
2011Q2,Radio,3,neutral
2011Q2,Cancer,3,neutral
2011Q2,Portugal,3,neutral
2011Q2,Bai,3,neutral
2011Q2,Egypt,3,neutral
2011Q2,Google,3,neutral
2011Q2,Baseball,3,neutral
2011Q2,Rap,3,neutral
2011Q2,Storm,3,neutral
2011Q2,Death,3,negative
2011Q3,New,16,neutral
2011Q3,Pro,15,neutral
2011Q3,Led,15,neutral
2011Q3,Hurricane,12,neutral
2011Q3,Europe,11,neutral
2011Q3,White,10,neutral
2011Q3,House,10,neutral
2011Q3,Libya,10,neutral
2011Q3,Five,10,neutral
2011Q3,Syria,10,neutral
2011Q3,Bank,9,neutral
2011Q3,Wall,9,neutral
2011Q3,Irene,9,neutral
2011Q3,Yemen,8,neutral
2011Q3,Job,8,neutral
2011Q3,Street,8,neutral
2011Q3,York,8,neutral
2011Q3,Tripoli,8,neutral
2011Q3,Strauss,7,neutral
2011Q3,Kahn,7,neutral
2011Q3,China,7,neutral
2011Q3,The,7,neutral
2011Q3,Norway,7,neutral
2011Q3,Israel,7,neutral
2011Q3,Time,6,neutral
2011Q3,Deal,6,neutral
2011Q3,Iran,5,neutral
2011Q3,President,5,neutral
2011Q3,News,5,neutral
2011Q3,Sex,5,neutral
2011Q3,Murdoch,5,neutral
2011Q3,Phone,5,neutral
2011Q3,Yard,5,neutral
2011Q3,Riot,5,negative
2011Q3,Texas,5,neutral
2011Q3,Palestinians,5,neutral
2011Q3,Case,4,neutral
2011Q3,Ham,4,neutral
2011Q3,Iraq,4,neutral
2011Q3,Data,4,neutral
2011Q3,Military,4,neutral
2011Q3,Scotland,4,neutral
2011Q3,Los,4,neutral
2011Q3,Angeles,4,neutral
2011Q3,Con,4,neutral
2011Q3,Google,4,neutral
2011Q3,Central,4,neutral
2011Q3,Eye,3,neutral
2011Q3,South,3,neutral
2011Q3,Party,3,neutral
2011Q4,Pro,42,neutral
2011Q4,Italy,16,neutral
2011Q4,Syria,14,neutral
2011Q4,Yemen,12,neutral
2011Q4,New,12,neutral
2011Q4,Wall,11,neutral
2011Q4,Time,10,neutral
2011Q4,Euro,10,neutral
2011Q4,China,10,neutral
2011Q4,Egypt,10,neutral
2011Q4,Europe,9,neutral
2011Q4,Street,9,neutral
2011Q4,Iowa,9,neutral
2011Q4,Iran,9,neutral
2011Q4,Led,8,neutral
2011Q4,York,8,neutral
2011Q4,Pay,8,neutral
2011Q4,Military,7,neutral
2011Q4,Cairo,7,neutral
2011Q4,Five,7,neutral
2011Q4,NATO,7,neutral
2011Q4,Death,6,negative
2011Q4,House,6,neutral
2011Q4,Show,6,neutral
2011Q4,Pakistan,6,neutral
2011Q4,Iraq,6,neutral
2011Q4,Climate,5,neutral
2011Q4,Afghanistan,5,neutral
2011Q4,Israel,5,neutral
2011Q4,Abu,5,neutral
2011Q4,Libya,5,neutral
2011Q4,Tax,5,neutral
2011Q4,Crisis,5,neutral
2011Q4,Cain,5,neutral
2011Q4,Bank,5,neutral
2011Q4,Arab,5,neutral
2011Q4,League,5,neutral
2011Q4,Myanmar,5,neutral
2011Q4,Brooklyn,4,neutral
2011Q4,Mail,4,neutral
2011Q4,White,4,neutral
2011Q4,Prize,4,neutral
2011Q4,Stock,4,neutral
2011Q4,Palestinians,4,neutral
2011Q4,Deal,4,neutral
2011Q4,Rally,4,neutral
2011Q4,California,4,neutral
2011Q4,Sexual,4,neutral
2011Q4,Greece,4,neutral
2011Q4,Islam,3,neutral
2012Q1,Syria,32,neutral
2012Q1,Iran,21,neutral
2012Q1,Pro,17,neutral
2012Q1,New,12,neutral
2012Q1,Iowa,11,neutral
2012Q1,The,10,neutral
2012Q1,Five,9,neutral
2012Q1,Led,9,neutral
2012Q1,China,9,neutral
2012Q1,South,8,neutral
2012Q1,Time,8,neutral
2012Q1,Super,7,positive
2012Q1,Egypt,7,neutral
2012Q1,Israel,6,neutral
2012Q1,Show,6,neutral
2012Q1,York,6,neutral
2012Q1,Greece,5,neutral
2012Q1,School,5,neutral
2012Q1,Tuesday,5,neutral
2012Q1,Islam,4,neutral
2012Q1,Iraq,4,neutral
2012Q1,Marriage,4,neutral
2012Q1,Military,4,neutral
2012Q1,Texas,4,neutral
2012Q1,Pakistan,4,neutral
2012Q1,Carolina,4,neutral
2012Q1,Europe,4,neutral
2012Q1,Arizona,4,neutral
2012Q1,City,4,neutral
2012Q1,Russia,4,neutral
2012Q1,Japan,4,neutral
2012Q1,Afghanistan,4,neutral
2012Q1,Mother,4,neutral
2012Q1,the,4,neutral
2012Q1,Con,4,neutral
2012Q1,Apple,4,neutral
2012Q1,Ohio,4,neutral
2012Q1,Ball,3,neutral
2012Q1,Hampshire,3,neutral
2012Q1,Taliban,3,neutral
2012Q1,Test,3,neutral
2012Q1,West,3,neutral
2012Q1,Bank,3,neutral
2012Q1,Arts,3,neutral
2012Q1,Snow,3,neutral
2012Q1,War,3,neutral
2012Q1,Bai,3,neutral
2012Q1,Non,3,neutral
2012Q1,Life,3,neutral
2012Q1,Death,3,negative
2012Q2,Syria,24,neutral
2012Q2,Pro,21,neutral
2012Q2,Iran,19,neutral
2012Q2,Egypt,16,neutral
2012Q2,Spain,14,neutral
2012Q2,China,12,neutral
2012Q2,Facebook,11,neutral
2012Q2,New,10,neutral
2012Q2,Europe,8,neutral
2012Q2,War,7,neutral
2012Q2,Marriage,7,neutral
2012Q2,Greece,7,neutral
2012Q2,Euro,7,neutral
2012Q2,News,6,neutral
2012Q2,Romney,6,neutral
2012Q2,Led,6,neutral
2012Q2,Service,6,neutral
2012Q2,Russia,6,neutral
2012Q2,Myanmar,5,neutral
2012Q2,Pakistan,5,neutral
2012Q2,Bin,5,neutral
2012Q2,Bill,5,neutral
2012Q2,Secret,5,neutral
2012Q2,York,5,neutral
2012Q2,Arizona,5,neutral
2012Q2,Bai,5,neutral
2012Q2,Sex,5,neutral
2012Q2,Health,5,neutral
2012Q2,Ball,4,neutral
2012Q2,The,4,neutral
2012Q2,Inquiry,4,neutral
2012Q2,Law,4,neutral
2012Q2,World,4,neutral
2012Q2,Virginia,4,neutral
2012Q2,Same,4,neutral
2012Q2,Zone,4,neutral
2012Q2,President,3,neutral
2012Q2,Missile,3,neutral
2012Q2,Microsoft,3,neutral
2012Q2,Run,3,neutral
2012Q2,North,3,neutral
2012Q2,Korea,3,neutral
2012Q2,Rocket,3,neutral
2012Q2,Tax,3,neutral
2012Q2,Taliban,3,neutral
2012Q2,Military,3,neutral
2012Q2,Israel,3,neutral
2012Q2,Rule,3,neutral
2012Q2,Head,3,neutral
2012Q2,Afghanistan,3,neutral
2012Q3,Syria,23,neutral
2012Q3,Iran,18,neutral
2012Q3,Time,12,neutral
2012Q3,Pro,10,neutral
2012Q3,Five,10,neutral
2012Q3,New,9,neutral
2012Q3,Led,8,neutral
2012Q3,China,8,neutral
2012Q3,Egypt,8,neutral
2012Q3,Libya,7,neutral
2012Q3,Iowa,7,neutral
2012Q3,Aleppo,7,neutral
2012Q3,the,6,neutral
2012Q3,Speech,6,neutral
2012Q3,Chicago,6,neutral
2012Q3,Barclay,5,neutral
2012Q3,Russia,5,neutral
2012Q3,The,5,neutral
2012Q3,Romney,5,neutral
2012Q3,York,5,neutral
2012Q3,Colorado,5,neutral
2012Q3,Economy,5,neutral
2012Q3,Afghanistan,4,neutral
2012Q3,London,4,neutral
2012Q3,Police,4,neutral
2012Q3,Net,4,neutral
2012Q3,Gun,4,neutral
2012Q3,Museum,4,neutral
2012Q3,Spring,4,positive
2012Q3,Bill,4,neutral
2012Q3,Clinton,4,neutral
2012Q3,Spain,3,neutral
2012Q3,Facebook,3,neutral
2012Q3,Pakistan,3,neutral
2012Q3,Chief,3,neutral
2012Q3,Palestinians,3,neutral
2012Q3,North,3,neutral
2012Q3,Coalition,3,neutral
2012Q3,Abu,3,neutral
2012Q3,Con,3,neutral
2012Q3,Black,3,neutral
2012Q3,United,3,neutral
2012Q3,Iraq,3,neutral
2012Q3,People,3,neutral
2012Q3,Theater,3,neutral
2012Q3,Brooklyn,3,neutral
2012Q3,World,3,neutral
2012Q3,Climate,3,neutral
2012Q3,Attack,3,neutral
2012Q3,Official,3,neutral
2012Q4,New,20,neutral
2012Q4,Syria,18,neutral
2012Q4,Five,14,neutral
2012Q4,Israel,14,neutral
2012Q4,Egypt,13,neutral
2012Q4,Hurricane,12,neutral
2012Q4,York,12,neutral
2012Q4,Time,11,neutral
2012Q4,Bloomberg,11,positive
2012Q4,House,10,neutral
2012Q4,White,9,neutral
2012Q4,Pro,9,neutral
2012Q4,Gaza,9,neutral
2012Q4,Turkey,8,neutral
2012Q4,City,8,neutral
2012Q4,Storm,8,neutral
2012Q4,Gun,8,neutral
2012Q4,Connecticut,7,neutral
2012Q4,China,7,neutral
2012Q4,Sandy,7,neutral
2012Q4,Petra,7,neutral
2012Q4,Hamas,7,neutral
2012Q4,Military,6,neutral
2012Q4,Russia,6,neutral
2012Q4,Missile,6,neutral
2012Q4,Manhattan,6,neutral
2012Q4,Mother,6,neutral
2012Q4,Iran,5,neutral
2012Q4,Men,5,neutral
2012Q4,Show,5,neutral
2012Q4,Bank,5,neutral
2012Q4,President,5,neutral
2012Q4,Climate,5,neutral
2012Q4,the,5,neutral
2012Q4,Florida,4,neutral
2012Q4,Abu,4,neutral
2012Q4,Queens,4,neutral
2012Q4,Policy,4,neutral
2012Q4,Life,4,neutral
2012Q4,India,4,neutral
2012Q4,Twitter,4,neutral
2012Q4,Press,4,neutral
2012Q4,Opposition,4,neutral
2012Q4,Led,4,neutral
2012Q4,Shooting,4,neutral
2012Q4,Snow,4,neutral
2012Q4,Fall,4,neutral
2012Q4,Tunnel,4,neutral
2012Q4,Creek,4,neutral
2012Q4,Romney,3,neutral
2013Q1,Syria,14,neutral
2013Q1,Mali,13,neutral
2013Q1,China,12,neutral
2013Q1,Pope,12,neutral
2013Q1,Cyprus,12,neutral
2013Q1,Iran,11,neutral
2013Q1,Israel,10,neutral
2013Q1,House,10,neutral
2013Q1,Gun,9,neutral
2013Q1,Pro,9,neutral
2013Q1,The,8,neutral
2013Q1,Time,8,neutral
2013Q1,Led,8,neutral
2013Q1,Bai,8,neutral
2013Q1,New,7,neutral
2013Q1,White,7,neutral
2013Q1,North,7,neutral
2013Q1,Con,6,neutral
2013Q1,Afghanistan,6,neutral
2013Q1,Control,6,neutral
2013Q1,Algeria,6,neutral
2013Q1,Egypt,6,neutral
2013Q1,Korea,6,neutral
2013Q1,Snow,6,neutral
2013Q1,Google,5,neutral
2013Q1,York,5,neutral
2013Q1,Show,5,neutral
2013Q1,Immigration,5,neutral
2013Q1,Rap,4,neutral
2013Q1,Laws,4,neutral
2013Q1,California,4,neutral
2013Q1,Arts,4,neutral
2013Q1,Wall,4,neutral
2013Q1,Street,4,neutral
2013Q1,Super,4,positive
2013Q1,Mayor,4,neutral
2013Q1,Bloomberg,4,positive
2013Q1,Man,4,neutral
2013Q1,Marriage,4,neutral
2013Q1,Vatican,4,neutral
2013Q1,Tax,3,neutral
2013Q1,Pakistan,3,neutral
2013Q1,Storm,3,neutral
2013Q1,Deal,3,neutral
2013Q1,Damascus,3,neutral
2013Q1,Lebanon,3,neutral
2013Q1,Death,3,negative
2013Q1,Boeing,3,neutral
2013Q1,Violence,3,negative
2013Q1,Somalia,3,neutral
2013Q2,Syria,22,neutral
2013Q2,Boston,20,neutral
2013Q2,Immigration,13,neutral
2013Q2,New,13,neutral
2013Q2,China,12,neutral
2013Q2,Iran,9,neutral
2013Q2,Pro,9,neutral
2013Q2,Russia,9,neutral
2013Q2,Korea,8,neutral
2013Q2,Led,8,neutral
2013Q2,Gun,8,neutral
2013Q2,White,8,neutral
2013Q2,House,8,neutral
2013Q2,Man,8,neutral
2013Q2,Marathon,8,neutral
2013Q2,Sur,8,neutral
2013Q2,Taliban,7,neutral
2013Q2,The,7,neutral
2013Q2,Col,7,neutral
2013Q2,Bangladesh,7,neutral
2013Q2,Mayor,6,neutral
2013Q2,Show,6,neutral
2013Q2,Pakistan,6,neutral
2013Q2,Data,6,neutral
2013Q2,York,6,neutral
2013Q2,Marriage,6,neutral
2013Q2,Five,6,neutral
2013Q2,Military,5,neutral
2013Q2,Control,5,neutral
2013Q2,Texas,5,neutral
2013Q2,Cancer,5,neutral
2013Q2,Israel,5,neutral
2013Q2,War,5,neutral
2013Q2,Trade,5,neutral
2013Q2,Tor,5,neutral
2013Q2,Google,5,neutral
2013Q2,South,4,neutral
2013Q2,Budget,4,neutral
2013Q2,Act,4,neutral
2013Q2,London,4,neutral
2013Q2,Europe,4,neutral
2013Q2,Internet,4,neutral
2013Q2,North,4,neutral
2013Q2,California,4,neutral
2013Q2,Syrian,4,neutral
2013Q2,Ben,4,neutral
2013Q2,Turkey,4,neutral
2013Q2,Jersey,4,neutral
2013Q2,Oklahoma,4,neutral
2013Q2,Time,4,neutral
2013Q3,Syria,41,neutral
2013Q3,Egypt,24,neutral
2013Q3,Led,18,neutral
2013Q3,Iran,16,neutral
2013Q3,New,15,neutral
2013Q3,Russia,12,neutral
2013Q3,Mayor,10,neutral
2013Q3,Pro,9,neutral
2013Q3,Time,9,neutral
2013Q3,China,9,neutral
2013Q3,Detroit,9,neutral
2013Q3,York,8,neutral
2013Q3,Washington,8,neutral
2013Q3,Cairo,7,neutral
2013Q3,House,7,neutral
2013Q3,Military,7,neutral
2013Q3,Bank,6,neutral
2013Q3,Pakistan,6,neutral
2013Q3,Pope,6,neutral
2013Q3,Hood,6,neutral
2013Q3,Arizona,5,neutral
2013Q3,White,5,neutral
2013Q3,Gun,5,neutral
2013Q3,San,5,neutral
2013Q3,Diego,5,neutral
2013Q3,Fort,5,neutral
2013Q3,Internet,5,neutral
2013Q3,City,5,neutral
2013Q3,Fire,4,neutral
2013Q3,Bill,4,neutral
2013Q3,Texas,4,neutral
2013Q3,Trial,4,neutral
2013Q3,Iraq,4,neutral
2013Q3,America,4,neutral
2013Q3,Israel,4,neutral
2013Q3,Deal,4,neutral
2013Q3,Life,4,neutral
2013Q3,Sit,4,neutral
2013Q3,Jersey,4,neutral
2013Q3,Bloomberg,4,positive
2013Q3,ESPN,4,neutral
2013Q3,Chemical,4,neutral
2013Q3,Resolution,4,neutral
2013Q3,Navy,4,neutral
2013Q3,Yard,4,neutral
2013Q3,President,4,neutral
2013Q3,Snow,3,neutral
2013Q3,Speech,3,neutral
2013Q3,Data,3,neutral
2013Q3,Train,3,neutral
2013Q4,Iran,28,neutral
2013Q4,New,24,neutral
2013Q4,China,20,neutral
2013Q4,Led,17,neutral
2013Q4,York,15,neutral
2013Q4,Pro,15,neutral
2013Q4,White,13,neutral
2013Q4,House,13,neutral
2013Q4,Health,12,neutral
2013Q4,Typhoon,12,neutral
2013Q4,South,11,neutral
2013Q4,Syria,9,neutral
2013Q4,Twitter,9,neutral
2013Q4,Israel,8,neutral
2013Q4,Spy,8,neutral
2013Q4,Man,8,neutral
2013Q4,Egypt,7,neutral
2013Q4,Pakistan,7,neutral
2013Q4,The,7,neutral
2013Q4,Ukraine,7,neutral
2013Q4,Sudan,7,neutral
2013Q4,Marriage,6,neutral
2013Q4,Law,6,neutral
2013Q4,the,6,neutral
2013Q4,Time,6,neutral
2013Q4,Con,6,neutral
2013Q4,Taliban,5,neutral
2013Q4,Russia,5,neutral
2013Q4,Bill,5,neutral
2013Q4,Jersey,5,neutral
2013Q4,France,5,neutral
2013Q4,Pact,5,neutral
2013Q4,Texas,4,neutral
2013Q4,Nobel,4,neutral
2013Q4,Leader,4,neutral
2013Q4,World,4,neutral
2013Q4,Bank,4,neutral
2013Q4,Sex,4,neutral
2013Q4,Middle,4,neutral
2013Q4,East,4,neutral
2013Q4,Immigration,4,neutral
2013Q4,Detroit,4,neutral
2013Q4,Mayor,4,neutral
2013Q4,Philippines,4,neutral
2013Q4,Lebanon,4,neutral
2013Q4,North,4,neutral
2013Q4,Africa,4,neutral
2013Q4,Budget,4,neutral
2013Q4,Space,4,neutral
2013Q4,Wall,3,neutral
2014Q1,Ukraine,52,neutral
2014Q1,Russia,32,neutral
2014Q1,Crimea,19,neutral
2014Q1,New,18,neutral
2014Q1,Syria,16,neutral
2014Q1,Iran,13,neutral
2014Q1,Pro,12,neutral
2014Q1,Kiev,12,neutral
2014Q1,House,10,neutral
2014Q1,Snow,8,neutral
2014Q1,Led,8,neutral
2014Q1,White,8,neutral
2014Q1,Military,7,neutral
2014Q1,York,7,neutral
2014Q1,Malaysia,7,neutral
2014Q1,Mari,6,neutral
2014Q1,The,6,neutral
2014Q1,Christie,6,neutral
2014Q1,China,6,neutral
2014Q1,War,6,neutral
2014Q1,Israel,5,neutral
2014Q1,Cold,5,neutral
2014Q1,Egypt,5,neutral
2014Q1,Time,5,neutral
2014Q1,Immigration,5,neutral
2014Q1,Law,5,neutral
2014Q1,Satellite,5,neutral
2014Q1,Con,4,neutral
2014Q1,South,4,neutral
2014Q1,Sudan,4,neutral
2014Q1,Iraq,4,neutral
2014Q1,Bridge,4,neutral
2014Q1,the,4,neutral
2014Q1,Detroit,4,neutral
2014Q1,Internet,4,neutral
2014Q1,Climate,4,neutral
2014Q1,Sur,4,neutral
2014Q1,Age,4,neutral
2014Q1,Google,4,neutral
2014Q1,Bit,4,neutral
2014Q1,Russian,4,neutral
2014Q1,Mayor,3,neutral
2014Q1,Health,3,neutral
2014Q1,Qaeda,3,neutral
2014Q1,Open,3,neutral
2014Q1,Boy,3,neutral
2014Q1,Marriage,3,neutral
2014Q1,Anti,3,neutral
2014Q1,Monument,3,neutral
2014Q1,Spy,3,neutral
2014Q2,Ukraine,56,neutral
2014Q2,Russia,24,neutral
2014Q2,Iraq,17,neutral
2014Q2,New,15,neutral
2014Q2,York,12,neutral
2014Q2,Taliban,10,neutral
2014Q2,Pro,10,neutral
2014Q2,Military,10,neutral
2014Q2,Sep,9,neutral
2014Q2,Syria,8,neutral
2014Q2,Iran,7,neutral
2014Q2,California,7,neutral
2014Q2,Party,6,neutral
2014Q2,China,6,neutral
2014Q2,The,6,neutral
2014Q2,White,6,neutral
2014Q2,House,6,neutral
2014Q2,Sex,6,neutral
2014Q2,Texas,6,neutral
2014Q2,Ben,6,neutral
2014Q2,NATO,5,neutral
2014Q2,Time,5,neutral
2014Q2,Tea,5,neutral
2014Q2,Putin,5,neutral
2014Q2,Police,5,neutral
2014Q2,Arts,5,neutral
2014Q2,Marriage,5,neutral
2014Q2,the,5,neutral
2014Q2,Con,5,neutral
2014Q2,Led,4,neutral
2014Q2,Army,4,neutral
2014Q2,Fort,4,neutral
2014Q2,Hood,4,neutral
2014Q2,Israel,4,neutral
2014Q2,Earth,4,neutral
2014Q2,Afghanistan,4,neutral
2014Q2,Same,4,neutral
2014Q2,Election,4,neutral
2014Q2,Climate,4,neutral
2014Q2,Nigeria,4,neutral
2014Q2,Detroit,4,neutral
2014Q2,School,4,neutral
2014Q2,City,4,neutral
2014Q2,for,4,neutral
2014Q2,Pope,4,neutral
2014Q2,United,4,neutral
2014Q2,States,4,neutral
2014Q2,Energy,4,positive
2014Q2,Museum,4,neutral
2014Q2,Amazon,4,neutral
2014Q3,Ukraine,45,neutral
2014Q3,Gaza,42,neutral
2014Q3,Israel,29,neutral
2014Q3,Russia,23,neutral
2014Q3,Syria,22,neutral
2014Q3,Pro,20,neutral
2014Q3,Iraq,17,neutral
2014Q3,Hamas,16,neutral
2014Q3,Climate,8,neutral
2014Q3,Malaysia,8,neutral
2014Q3,Time,8,neutral
2014Q3,Turkey,8,neutral
2014Q3,Hong,8,neutral
2014Q3,Kong,8,neutral
2014Q3,Iran,7,neutral
2014Q3,New,7,neutral
2014Q3,Military,7,neutral
2014Q3,Afghanistan,7,neutral
2014Q3,York,7,neutral
2014Q3,China,6,neutral
2014Q3,President,6,neutral
2014Q3,California,6,neutral
2014Q3,Israeli,6,neutral
2014Q3,Airlines,6,neutral
2014Q3,Air,6,neutral
2014Q3,Con,5,neutral
2014Q3,Brazil,5,neutral
2014Q3,Germany,5,neutral
2014Q3,Europe,5,neutral
2014Q3,Missile,5,neutral
2014Q3,Virginia,5,neutral
2014Q3,NATO,5,neutral
2014Q3,Social,5,neutral
2014Q3,Putin,5,neutral
2014Q3,Change,4,neutral
2014Q3,Spy,4,neutral
2014Q3,Sep,4,neutral
2014Q3,Netherlands,4,neutral
2014Q3,Jet,4,neutral
2014Q3,Bank,4,neutral
2014Q3,Texas,4,neutral
2014Q3,The,4,neutral
2014Q3,Media,4,neutral
2014Q3,White,4,neutral
2014Q3,House,4,neutral
2014Q3,Palestinians,3,neutral
2014Q3,Abu,3,neutral
2014Q3,Day,3,neutral
2014Q3,James,3,neutral
2014Q3,World,3,neutral
2014Q4,Pro,24,neutral
2014Q4,New,20,neutral
2014Q4,York,16,neutral
2014Q4,Hong,13,neutral
2014Q4,Kong,13,neutral
2014Q4,China,13,neutral
2014Q4,Dallas,12,neutral
2014Q4,White,10,neutral
2014Q4,House,10,neutral
2014Q4,Time,9,neutral
2014Q4,Iran,9,neutral
2014Q4,Immigration,9,neutral
2014Q4,Cuba,9,neutral
2014Q4,Texas,8,neutral
2014Q4,Russia,8,neutral
2014Q4,Air,8,neutral
2014Q4,Jury,8,neutral
2014Q4,Sex,7,neutral
2014Q4,Grand,7,positive
2014Q4,Syria,6,neutral
2014Q4,Marriage,6,neutral
2014Q4,Same,6,neutral
2014Q4,Turkey,6,neutral
2014Q4,Health,6,neutral
2014Q4,State,5,neutral
2014Q4,Iraq,5,neutral
2014Q4,Gun,5,neutral
2014Q4,Israel,5,neutral
2014Q4,Ukraine,5,neutral
2014Q4,Climate,5,neutral
2014Q4,Taliban,5,neutral
2014Q4,Sony,5,neutral
2014Q4,Europe,4,neutral
2014Q4,Spain,4,neutral
2014Q4,Palestinian,4,neutral
2014Q4,The,4,neutral
2014Q4,Mars,4,neutral
2014Q4,Internet,4,neutral
2014Q4,the,4,neutral
2014Q4,World,4,neutral
2014Q4,Center,4,neutral
2014Q4,Brooklyn,4,neutral
2014Q4,Missouri,4,neutral
2014Q4,Pakistan,4,neutral
2014Q4,Interview,4,neutral
2014Q4,Afghan,3,neutral
2014Q4,President,3,neutral
2014Q4,Nurse,3,neutral
2014Q4,Democracy,3,neutral
2014Q4,Rights,3,neutral
2015Q1,New,24,neutral
2015Q1,Iran,19,neutral
2015Q1,York,17,neutral
2015Q1,Ukraine,14,neutral
2015Q1,Yemen,14,neutral
2015Q1,Net,14,neutral
2015Q1,State,10,neutral
2015Q1,White,10,neutral
2015Q1,House,10,neutral
2015Q1,North,9,neutral
2015Q1,Israel,9,neutral
2015Q1,China,8,neutral
2015Q1,Paris,8,positive
2015Q1,Russia,8,neutral
2015Q1,Pro,7,neutral
2015Q1,Charlie,7,neutral
2015Q1,The,7,neutral
2015Q1,Islamic,7,neutral
2015Q1,the,6,neutral
2015Q1,Bush,6,neutral
2015Q1,Time,6,neutral
2015Q1,Egypt,6,neutral
2015Q1,Same,6,neutral
2015Q1,Sex,6,neutral
2015Q1,President,5,neutral
2015Q1,Cuba,5,neutral
2015Q1,Carolina,5,neutral
2015Q1,Saudi,5,neutral
2015Q1,Marriage,5,neutral
2015Q1,Security,5,neutral
2015Q1,Murder,4,neutral
2015Q1,Bowl,4,positive
2015Q1,Alabama,4,neutral
2015Q1,Korea,4,neutral
2015Q1,Union,4,neutral
2015Q1,Police,4,neutral
2015Q1,Boston,4,neutral
2015Q1,Hara,4,neutral
2015Q1,Muslim,4,neutral
2015Q1,Anti,4,neutral
2015Q1,Syria,4,neutral
2015Q1,Silver,4,positive
2015Q1,Host,4,neutral
2015Q1,Silicon,4,neutral
2015Q1,Valley,4,neutral
2015Q1,City,3,neutral
2015Q1,Year,3,neutral
2015Q1,Trial,3,neutral
2015Q1,Virginia,3,neutral
2015Q1,France,3,neutral
2015Q2,California,17,neutral
2015Q2,Iran,13,neutral
2015Q2,China,11,neutral
2015Q2,Trade,11,neutral
2015Q2,FIFA,11,neutral
2015Q2,Deal,9,neutral
2015Q2,Pro,9,neutral
2015Q2,Charleston,8,neutral
2015Q2,the,8,neutral
2015Q2,Yemen,8,neutral
2015Q2,New,8,neutral
2015Q2,Nepal,8,neutral
2015Q2,Marriage,7,neutral
2015Q2,South,6,neutral
2015Q2,White,6,neutral
2015Q2,Clinton,6,neutral
2015Q2,Pope,6,neutral
2015Q2,Google,6,neutral
2015Q2,Saudi,6,neutral
2015Q2,York,6,neutral
2015Q2,Con,6,neutral
2015Q2,The,6,neutral
2015Q2,Amtrak,6,neutral
2015Q2,Carolina,5,neutral
2015Q2,Murder,5,neutral
2015Q2,House,5,neutral
2015Q2,Iraq,5,neutral
2015Q2,President,5,neutral
2015Q2,Gay,5,neutral
2015Q2,Pacific,5,neutral
2015Q2,Abu,5,neutral
2015Q2,Sex,5,neutral
2015Q2,Pakistan,5,neutral
2015Q2,Baltimore,5,neutral
2015Q2,Death,5,negative
2015Q2,Taliban,5,neutral
2015Q2,Boston,5,neutral
2015Q2,Suicide,4,negative
2015Q2,Time,4,neutral
2015Q2,Bridge,4,neutral
2015Q2,Cuba,4,neutral
2015Q2,Hillary,4,neutral
2015Q2,Head,4,neutral
2015Q2,Presidency,4,neutral
2015Q2,Francis,4,neutral
2015Q2,Anti,4,neutral
2015Q2,Bush,4,neutral
2015Q2,Bill,4,neutral
2015Q2,Pen,4,neutral
2015Q2,Wall,4,neutral
2015Q3,China,28,neutral
2015Q3,Iran,20,neutral
2015Q3,New,17,neutral
2015Q3,Syria,15,neutral
2015Q3,Greece,10,neutral
2015Q3,Pro,10,neutral
2015Q3,Cuba,10,neutral
2015Q3,California,9,neutral
2015Q3,Trump,9,neutral
2015Q3,Time,7,neutral
2015Q3,The,7,neutral
2015Q3,Europe,7,neutral
2015Q3,the,7,neutral
2015Q3,York,7,neutral
2015Q3,Pope,6,neutral
2015Q3,Data,6,neutral
2015Q3,Stock,6,neutral
2015Q3,Deal,6,neutral
2015Q3,Donald,6,neutral
2015Q3,Nuclear,6,neutral
2015Q3,Orleans,6,neutral
2015Q3,Russia,6,neutral
2015Q3,Black,5,neutral
2015Q3,Carolina,5,neutral
2015Q3,Iowa,5,neutral
2015Q3,White,5,neutral
2015Q3,Puerto,4,neutral
2015Q3,Self,4,neutral
2015Q3,Hillary,4,neutral
2015Q3,Clinton,4,neutral
2015Q3,Euro,4,neutral
2015Q3,South,4,neutral
2015Q3,Taliban,4,neutral
2015Q3,Bai,4,neutral
2015Q3,Market,4,neutral
2015Q3,Japan,4,neutral
2015Q3,Military,4,neutral
2015Q3,Case,4,neutral
2015Q3,President,4,neutral
2015Q3,Turkey,4,neutral
2015Q3,Texas,4,neutral
2015Q3,Food,4,neutral
2015Q3,Suicide,4,negative
2015Q3,Gun,4,neutral
2015Q3,for,4,neutral
2015Q3,Kentucky,4,neutral
2015Q3,Refuge,4,neutral
2015Q3,Francis,4,neutral
2015Q3,America,3,neutral
2015Q3,Germany,3,neutral
2015Q4,Syria,23,neutral
2015Q4,Russia,21,neutral
2015Q4,Paris,17,positive
2015Q4,China,15,neutral
2015Q4,New,14,neutral
2015Q4,Climate,14,neutral
2015Q4,Pro,11,neutral
2015Q4,Taliban,10,neutral
2015Q4,Turkey,9,neutral
2015Q4,Mass,8,neutral
2015Q4,The,8,neutral
2015Q4,Gun,7,neutral
2015Q4,Air,7,neutral
2015Q4,York,7,neutral
2015Q4,Iran,7,neutral
2015Q4,House,6,neutral
2015Q4,Israel,6,neutral
2015Q4,Ben,6,neutral
2015Q4,Death,6,negative
2015Q4,Iraq,6,neutral
2015Q4,White,6,neutral
2015Q4,Change,6,neutral
2015Q4,Bush,5,neutral
2015Q4,Pacific,5,neutral
2015Q4,War,5,neutral
2015Q4,George,5,neutral
2015Q4,Mexico,5,neutral
2015Q4,France,5,neutral
2015Q4,Chicago,5,neutral
2015Q4,Clinton,4,neutral
2015Q4,Mali,4,neutral
2015Q4,Speaker,4,neutral
2015Q4,Military,4,neutral
2015Q4,Con,4,neutral
2015Q4,Shooting,4,neutral
2015Q4,Mental,4,neutral
2015Q4,Pen,4,neutral
2015Q4,Iowa,4,neutral
2015Q4,Press,4,neutral
2015Q4,Cancer,4,neutral
2015Q4,Puerto,4,neutral
2015Q4,Time,4,neutral
2015Q4,Trump,4,neutral
2015Q4,Attack,4,neutral
2015Q4,Brussels,4,neutral
2015Q4,California,4,neutral
2015Q4,Call,3,neutral
2015Q4,Hurricane,3,neutral
2015Q4,National,3,neutral
2015Q4,City,3,neutral
2016Q1,Iowa,20,neutral
2016Q1,New,18,neutral
2016Q1,Trump,15,neutral
2016Q1,Iran,14,neutral
2016Q1,Pro,11,neutral
2016Q1,Carolina,11,neutral
2016Q1,China,10,neutral
2016Q1,South,10,neutral
2016Q1,the,9,neutral
2016Q1,The,8,neutral
2016Q1,Clinton,7,neutral
2016Q1,York,7,neutral
2016Q1,Paris,7,positive
2016Q1,Brussels,7,neutral
2016Q1,Christie,6,neutral
2016Q1,Gun,5,neutral
2016Q1,Hillary,5,neutral
2016Q1,Donald,5,neutral
2016Q1,Mexico,5,neutral
2016Q1,Cruz,5,neutral
2016Q1,City,5,neutral
2016Q1,Court,5,neutral
2016Q1,How,5,neutral
2016Q1,Super,5,positive
2016Q1,Hampshire,5,neutral
2016Q1,Israel,4,neutral
2016Q1,Texas,4,neutral
2016Q1,Sex,4,neutral
2016Q1,Syria,4,neutral
2016Q1,Flint,4,neutral
2016Q1,Ted,4,neutral
2016Q1,President,4,neutral
2016Q1,Snow,4,neutral
2016Q1,Bloomberg,4,positive
2016Q1,White,4,neutral
2016Q1,House,4,neutral
2016Q1,Anti,4,neutral
2016Q1,Back,4,neutral
2016Q1,Black,4,neutral
2016Q1,Time,4,neutral
2016Q1,Nancy,4,neutral
2016Q1,Reagan,4,neutral
2016Q1,Cuba,4,neutral
2016Q1,Airport,4,neutral
2016Q1,Saudi,3,neutral
2016Q1,Trail,3,neutral
2016Q1,Bill,3,neutral
2016Q1,Islam,3,neutral
2016Q1,Violence,3,negative
2016Q1,Economy,3,neutral
2016Q2,New,13,neutral
2016Q2,Trump,11,neutral
2016Q2,York,10,neutral
2016Q2,Syria,10,neutral
2016Q2,Panama,9,neutral
2016Q2,Bill,9,neutral
2016Q2,Pro,9,neutral
2016Q2,Papers,8,neutral
2016Q2,Trans,8,neutral
2016Q2,Gun,8,neutral
2016Q2,China,7,neutral
2016Q2,Brazil,7,neutral
2016Q2,California,7,neutral
2016Q2,Attack,7,neutral
2016Q2,the,6,neutral
2016Q2,Clinton,6,neutral
2016Q2,Iraq,6,neutral
2016Q2,People,6,neutral
2016Q2,Airport,6,neutral
2016Q2,Texas,6,neutral
2016Q2,Orlando,6,neutral
2016Q2,Saudi,5,neutral
2016Q2,White,4,neutral
2016Q2,America,4,neutral
2016Q2,Russia,4,neutral
2016Q2,North,4,neutral
2016Q2,Cruz,4,neutral
2016Q2,Police,4,neutral
2016Q2,Carolina,4,neutral
2016Q2,Google,4,neutral
2016Q2,Bomb,4,neutral
2016Q2,Assault,4,neutral
2016Q2,Law,4,neutral
2016Q2,Turkey,4,neutral
2016Q2,Abu,3,neutral
2016Q2,House,3,neutral
2016Q2,Oklahoma,3,neutral
2016Q2,News,3,neutral
2016Q2,Colorado,3,neutral
2016Q2,Campaign,3,neutral
2016Q2,Paris,3,positive
2016Q2,Party,3,neutral
2016Q2,Long,3,neutral
2016Q2,Island,3,neutral
2016Q2,Meg,3,neutral
2016Q2,Arabia,3,neutral
2016Q2,Europe,3,neutral
2016Q2,Prince,3,neutral
2016Q2,Virginia,3,neutral
2016Q2,Suicide,3,negative
2016Q3,Trump,23,neutral
2016Q3,Clinton,16,neutral
2016Q3,New,13,neutral
2016Q3,Black,12,neutral
2016Q3,Pro,12,neutral
2016Q3,Russia,12,neutral
2016Q3,Dallas,9,neutral
2016Q3,Syria,9,neutral
2016Q3,Man,8,neutral
2016Q3,Turkey,8,neutral
2016Q3,Hillary,8,neutral
2016Q3,Donald,8,neutral
2016Q3,The,7,neutral
2016Q3,President,7,neutral
2016Q3,California,6,neutral
2016Q3,Speech,6,neutral
2016Q3,Fox,6,neutral
2016Q3,North,6,neutral
2016Q3,York,6,neutral
2016Q3,How,5,neutral
2016Q3,Gun,5,neutral
2016Q3,Police,5,neutral
2016Q3,Time,5,neutral
2016Q3,News,5,neutral
2016Q3,Muslim,5,neutral
2016Q3,Miami,5,neutral
2016Q3,China,5,neutral
2016Q3,Empire,5,neutral
2016Q3,Today,4,neutral
2016Q3,People,4,neutral
2016Q3,Day,4,neutral
2016Q3,Lives,4,neutral
2016Q3,Matter,4,neutral
2016Q3,Obama,4,neutral
2016Q3,America,4,neutral
2016Q3,Flood,4,negative
2016Q3,Rio,4,neutral
2016Q3,Election,4,neutral
2016Q3,Bridge,4,neutral
2016Q3,Tulsa,4,neutral
2016Q3,Attack,3,neutral
2016Q3,Dead,3,neutral
2016Q3,Terror,3,negative
2016Q3,Suicide,3,negative
2016Q3,Anti,3,neutral
2016Q3,Baton,3,neutral
2016Q3,Rouge,3,neutral
2016Q3,Over,3,neutral
2016Q3,the,3,neutral
2016Q3,Military,3,neutral
2016Q4,Trump,33,neutral
2016Q4,Russia,31,neutral
2016Q4,White,14,neutral
2016Q4,China,13,neutral
2016Q4,House,12,neutral
2016Q4,California,11,neutral
2016Q4,Today,10,neutral
2016Q4,Clinton,10,neutral
2016Q4,Syria,9,neutral
2016Q4,Climate,8,neutral
2016Q4,Aleppo,8,neutral
2016Q4,New,8,neutral
2016Q4,Castro,8,neutral
2016Q4,Time,7,neutral
2016Q4,Hurricane,7,neutral
2016Q4,Israel,7,neutral
2016Q4,Twitter,6,neutral
2016Q4,Haiti,6,neutral
2016Q4,Taiwan,6,neutral
2016Q4,Colombia,5,neutral
2016Q4,the,5,neutral
2016Q4,The,5,neutral
2016Q4,Pro,5,neutral
2016Q4,Change,4,neutral
2016Q4,Net,4,neutral
2016Q4,Obama,4,neutral
2016Q4,Carolina,4,neutral
2016Q4,York,4,neutral
2016Q4,Times,4,neutral
2016Q4,Health,4,neutral
2016Q4,Facebook,4,neutral
2016Q4,Pop,4,neutral
2016Q4,Russian,4,neutral
2016Q4,Berlin,4,neutral
2016Q4,Las,3,neutral
2016Q4,Vegas,3,neutral
2016Q4,Working,3,neutral
2016Q4,Settlement,3,neutral
2016Q4,After,3,neutral
2016Q4,Years,3,neutral
2016Q4,Silicon,3,neutral
2016Q4,Valley,3,neutral
2016Q4,Donald,3,neutral
2016Q4,Press,3,neutral
2016Q4,Billy,3,neutral
2016Q4,Bush,3,neutral
2016Q4,Sexual,3,neutral
2016Q4,Wells,3,neutral
2016Q4,Fargo,3,neutral
2016Q4,How,3,neutral
2017Q1,Russia,31,neutral
2017Q1,Trump,30,neutral
2017Q1,House,27,neutral
2017Q1,White,25,neutral
2017Q1,Pro,10,neutral
2017Q1,China,9,neutral
2017Q1,the,8,neutral
2017Q1,Time,8,neutral
2017Q1,Obama,7,neutral
2017Q1,Climate,7,neutral
2017Q1,President,7,neutral
2017Q1,New,6,neutral
2017Q1,Korea,6,neutral
2017Q1,Ethics,6,neutral
2017Q1,Mexico,6,neutral
2017Q1,Washington,6,neutral
2017Q1,Texas,6,neutral
2017Q1,Bill,6,neutral
2017Q1,Trade,6,neutral
2017Q1,Health,6,neutral
2017Q1,People,6,neutral
2017Q1,Ivan,5,neutral
2017Q1,The,5,neutral
2017Q1,News,5,neutral
2017Q1,Media,5,neutral
2017Q1,California,5,neutral
2017Q1,Intelligence,4,neutral
2017Q1,Twitter,4,neutral
2017Q1,Life,4,neutral
2017Q1,How,4,neutral
2017Q1,World,4,neutral
2017Q1,Labor,4,neutral
2017Q1,Care,4,neutral
2017Q1,Terror,3,negative
2017Q1,Istanbul,3,neutral
2017Q1,York,3,neutral
2017Q1,Wall,3,neutral
2017Q1,Con,3,neutral
2017Q1,Airport,3,neutral
2017Q1,Deal,3,neutral
2017Q1,Hearing,3,neutral
2017Q1,Donald,3,neutral
2017Q1,Speech,3,neutral
2017Q1,Change,3,neutral
2017Q1,America,3,neutral
2017Q1,March,3,neutral
2017Q1,Executive,3,positive
2017Q1,Order,3,neutral
2017Q1,Bush,3,neutral
2017Q1,Back,3,neutral
2017Q2,Trump,37,neutral
2017Q2,House,34,neutral
2017Q2,White,33,neutral
2017Q2,Russia,30,neutral
2017Q2,Climate,16,neutral
2017Q2,Syria,14,neutral
2017Q2,North,14,neutral
2017Q2,Korea,14,neutral
2017Q2,President,11,neutral
2017Q2,Test,11,neutral
2017Q2,Missile,10,neutral
2017Q2,London,10,neutral
2017Q2,China,9,neutral
2017Q2,California,9,neutral
2017Q2,Bill,8,neutral
2017Q2,the,8,neutral
2017Q2,Paris,8,positive
2017Q2,Health,8,neutral
2017Q2,Mac,8,neutral
2017Q2,Ivan,7,neutral
2017Q2,Bomb,7,neutral
2017Q2,Time,7,neutral
2017Q2,How,6,neutral
2017Q2,France,6,neutral
2017Q2,Twitter,6,neutral
2017Q2,Saudi,6,neutral
2017Q2,Manchester,6,neutral
2017Q2,Pro,5,neutral
2017Q2,Power,5,positive
2017Q2,Today,5,neutral
2017Q2,What,5,neutral
2017Q2,Fox,5,neutral
2017Q2,Election,5,neutral
2017Q2,Israel,5,neutral
2017Q2,Iran,5,neutral
2017Q2,Georgia,4,neutral
2017Q2,Roll,4,neutral
2017Q2,Arkansas,4,neutral
2017Q2,News,4,neutral
2017Q2,Times,4,neutral
2017Q2,Attack,4,neutral
2017Q2,French,4,neutral
2017Q2,Come,4,neutral
2017Q2,Russians,4,neutral
2017Q2,Counsel,4,neutral
2017Q2,Reilly,3,neutral
2017Q2,Amazon,3,neutral
2017Q2,Work,3,neutral
2017Q2,This,3,neutral
2017Q2,Out,3,neutral
2017Q3,Korea,37,neutral
2017Q3,North,35,neutral
2017Q3,White,28,neutral
2017Q3,Hurricane,25,neutral
2017Q3,Trump,24,neutral
2017Q3,House,23,neutral
2017Q3,Russia,22,neutral
2017Q3,The,14,neutral
2017Q3,Texas,13,neutral
2017Q3,Houston,13,neutral
2017Q3,China,12,neutral
2017Q3,New,11,neutral
2017Q3,Pro,11,neutral
2017Q3,Puerto,10,neutral
2017Q3,Rico,10,neutral
2017Q3,Climate,8,neutral
2017Q3,Virginia,8,neutral
2017Q3,Charlotte,8,neutral
2017Q3,War,7,neutral
2017Q3,Obama,7,neutral
2017Q3,South,7,neutral
2017Q3,Flood,7,negative
2017Q3,Maria,7,neutral
2017Q3,Time,6,neutral
2017Q3,Missile,6,neutral
2017Q3,Age,6,neutral
2017Q3,West,6,neutral
2017Q3,Facebook,6,neutral
2017Q3,the,6,neutral
2017Q3,Nuclear,6,neutral
2017Q3,Bomb,6,neutral
2017Q3,Iran,5,neutral
2017Q3,York,5,neutral
2017Q3,Times,5,neutral
2017Q3,Wing,5,neutral
2017Q3,Health,5,neutral
2017Q3,Ban,5,neutral
2017Q3,Caribbean,5,neutral
2017Q3,Jersey,4,neutral
2017Q3,California,4,neutral
2017Q3,Sur,4,neutral
2017Q3,Change,4,neutral
2017Q3,Senator,4,neutral
2017Q3,Law,4,neutral
2017Q3,Mexico,4,neutral
2017Q3,Man,4,neutral
2017Q3,Trans,4,neutral
2017Q3,John,4,neutral
2017Q3,Steve,4,neutral
2017Q3,Military,4,neutral
2017Q4,Russia,20,neutral
2017Q4,Tax,15,neutral
2017Q4,Trump,13,neutral
2017Q4,Alabama,13,neutral
2017Q4,New,12,neutral
2017Q4,Roy,12,neutral
2017Q4,Moore,12,neutral
2017Q4,China,11,neutral
2017Q4,Jerusalem,11,neutral
2017Q4,Las,10,neutral
2017Q4,House,10,neutral
2017Q4,York,10,neutral
2017Q4,the,9,neutral
2017Q4,California,9,neutral
2017Q4,Bill,9,neutral
2017Q4,Time,9,neutral
2017Q4,White,8,neutral
2017Q4,Saudi,8,neutral
2017Q4,Man,7,neutral
2017Q4,Vegas,7,neutral
2017Q4,Wei,7,neutral
2017Q4,Iran,7,neutral
2017Q4,The,7,neutral
2017Q4,Sexual,7,neutral
2017Q4,Cut,7,neutral
2017Q4,Korea,6,neutral
2017Q4,Gun,6,neutral
2017Q4,Why,6,neutral
2017Q4,Hara,6,neutral
2017Q4,Puerto,6,neutral
2017Q4,Texas,6,neutral
2017Q4,North,6,neutral
2017Q4,Frank,6,neutral
2017Q4,Hour,6,neutral
2017Q4,Catalonia,5,neutral
2017Q4,Myanmar,5,neutral
2017Q4,Rico,5,neutral
2017Q4,Twitter,5,neutral
2017Q4,Virginia,5,neutral
2017Q4,Spain,4,neutral
2017Q4,Shooting,4,neutral
2017Q4,Storm,4,neutral
2017Q4,Pro,4,neutral
2017Q4,Blood,4,neutral
2017Q4,President,4,neutral
2017Q4,Fox,4,neutral
2017Q4,Missile,4,neutral
2017Q4,Internet,4,neutral
2017Q4,Health,3,neutral
2017Q4,Ben,3,neutral
2018Q1,Trump,30,neutral
2018Q1,Russia,26,neutral
2018Q1,White,17,neutral
2018Q1,House,17,neutral
2018Q1,Facebook,15,neutral
2018Q1,China,15,neutral
2018Q1,New,12,neutral
2018Q1,Korea,12,neutral
2018Q1,North,11,neutral
2018Q1,Pro,11,neutral
2018Q1,The,10,neutral
2018Q1,York,9,neutral
2018Q1,Iran,8,neutral
2018Q1,Gun,8,neutral
2018Q1,Florida,7,neutral
2018Q1,Abu,7,neutral
2018Q1,Law,6,neutral
2018Q1,the,6,neutral
2018Q1,America,6,neutral
2018Q1,Amazon,6,neutral
2018Q1,War,5,neutral
2018Q1,Man,5,neutral
2018Q1,Mari,5,neutral
2018Q1,California,5,neutral
2018Q1,World,5,neutral
2018Q1,Wall,5,neutral
2018Q1,Street,5,neutral
2018Q1,Kim,5,neutral
2018Q1,Spy,5,neutral
2018Q1,Time,5,neutral
2018Q1,Military,5,neutral
2018Q1,Russians,5,neutral
2018Q1,Trade,5,neutral
2018Q1,Ana,5,neutral
2018Q1,South,4,neutral
2018Q1,Tax,4,neutral
2018Q1,Test,4,neutral
2018Q1,Storm,4,neutral
2018Q1,Hawaii,4,neutral
2018Q1,Per,4,neutral
2018Q1,Israel,4,neutral
2018Q1,Syria,4,neutral
2018Q1,Deal,4,neutral
2018Q1,Silence,4,neutral
2018Q1,Stock,4,neutral
2018Q1,Times,4,neutral
2018Q1,Cambridge,4,neutral
2018Q1,Over,3,neutral
2018Q1,Twitter,3,neutral
2018Q1,Special,3,neutral
2018Q2,China,36,neutral
2018Q2,Trump,30,neutral
2018Q2,House,29,neutral
2018Q2,White,26,neutral
2018Q2,Korea,22,neutral
2018Q2,Russia,16,neutral
2018Q2,Iran,16,neutral
2018Q2,California,15,neutral
2018Q2,Syria,14,neutral
2018Q2,North,14,neutral
2018Q2,Facebook,11,neutral
2018Q2,South,10,neutral
2018Q2,Kim,9,neutral
2018Q2,New,9,neutral
2018Q2,Pro,8,neutral
2018Q2,Jong,7,neutral
2018Q2,The,6,neutral
2018Q2,Time,6,neutral
2018Q2,the,6,neutral
2018Q2,York,6,neutral
2018Q2,President,5,neutral
2018Q2,Bill,5,neutral
2018Q2,Europe,5,neutral
2018Q2,Storm,5,neutral
2018Q2,Daniels,5,neutral
2018Q2,Gaza,5,neutral
2018Q2,Evangelical,5,neutral
2018Q2,Mexico,5,neutral
2018Q2,Italy,5,neutral
2018Q2,Sep,5,neutral
2018Q2,Twitter,4,neutral
2018Q2,Trade,4,neutral
2018Q2,America,4,neutral
2018Q2,Law,4,neutral
2018Q2,Japan,4,neutral
2018Q2,Times,4,neutral
2018Q2,Canada,4,neutral
2018Q2,Israel,4,neutral
2018Q2,Nobel,4,neutral
2018Q2,Fox,4,neutral
2018Q2,News,4,neutral
2018Q2,Americans,4,neutral
2018Q2,Texas,4,neutral
2018Q2,Shooting,4,neutral
2018Q2,Immigration,4,neutral
2018Q2,Gun,3,neutral
2018Q2,Pope,3,neutral
2018Q2,Cambridge,3,neutral
2018Q2,Ana,3,neutral
2018Q2,Pentagon,3,neutral
2018Q3,The,71,neutral
2018Q3,New,62,neutral
2018Q3,York,60,neutral
2018Q3,Times,58,neutral
2018Q3,Brett,23,neutral
2018Q3,Russia,19,neutral
2018Q3,China,17,neutral
2018Q3,Man,17,neutral
2018Q3,Trump,15,neutral
2018Q3,White,14,neutral
2018Q3,Doug,12,neutral
2018Q3,Mills,12,neutral
2018Q3,Facebook,12,neutral
2018Q3,Age,11,neutral
2018Q3,House,11,neutral
2018Q3,NATO,8,neutral
2018Q3,Carolina,8,neutral
2018Q3,North,8,neutral
2018Q3,France,8,neutral
2018Q3,California,7,neutral
2018Q3,25th,7,neutral
2018Q3,Amendment,7,neutral
2018Q3,Images,7,neutral
2018Q3,Korea,6,neutral
2018Q3,Press,6,neutral
2018Q3,Paul,6,neutral
2018Q3,John,6,neutral
2018Q3,people,6,neutral
2018Q3,sexual,6,neutral
2018Q3,Daily,6,neutral
2018Q3,Get,6,neutral
2018Q3,Mexico,5,neutral
2018Q3,Associated,5,neutral
2018Q3,the,5,neutral
2018Q3,Israel,5,neutral
2018Q3,South,5,neutral
2018Q3,Turkey,5,neutral
2018Q3,President,5,neutral
2018Q3,McCain,5,neutral
2018Q3,Hurricane,5,neutral
2018Q3,Florence,5,neutral
2018Q3,Typhoon,5,neutral
2018Q3,Philippines,5,neutral
2018Q3,assault,5,negative
2018Q3,Rod,5,neutral
2018Q3,Rosen,5,neutral
2018Q3,Iran,4,neutral
2018Q3,Michael,4,neutral
2018Q3,administration,4,neutral
2018Q3,Trade,4,neutral
2018Q4,The,140,neutral
2018Q4,New,135,neutral
2018Q4,York,132,neutral
2018Q4,Times,129,neutral
2018Q4,Saudi,28,neutral
2018Q4,White,23,neutral
2018Q4,House,22,neutral
2018Q4,Age,18,neutral
2018Q4,France,18,neutral
2018Q4,Trump,17,neutral
2018Q4,China,17,neutral
2018Q4,Associated,13,neutral
2018Q4,Press,13,neutral
2018Q4,Doug,12,neutral
2018Q4,Arabia,12,neutral
2018Q4,the,12,neutral
2018Q4,Mills,11,neutral
2018Q4,Florida,11,neutral
2018Q4,Michael,10,neutral
2018Q4,Russia,10,neutral
2018Q4,Pittsburgh,10,neutral
2018Q4,California,10,neutral
2018Q4,Sarah,9,neutral
2018Q4,President,8,neutral
2018Q4,administration,8,neutral
2018Q4,people,8,neutral
2018Q4,state,8,neutral
2018Q4,race,8,neutral
2018Q4,social,8,neutral
2018Q4,Yemen,8,neutral
2018Q4,Brett,7,neutral
2018Q4,Donald,7,neutral
2018Q4,Climate,7,neutral
2018Q4,Hurricane,7,neutral
2018Q4,Scott,7,neutral
2018Q4,Images,7,neutral
2018Q4,North,7,neutral
2018Q4,Facebook,7,neutral
2018Q4,Theresa,7,neutral
2018Q4,May,7,neutral
2018Q4,Daily,6,neutral
2018Q4,mid,6,neutral
2018Q4,Mohammed,6,neutral
2018Q4,prince,6,neutral
2018Q4,Twitter,6,neutral
2018Q4,Jim,6,neutral
2018Q4,synagogue,6,neutral
2018Q4,Indonesia,5,neutral
2018Q4,Georgia,5,neutral
2018Q4,Elizabeth,5,neutral
2019Q1,New,153,neutral
2019Q1,York,140,neutral
2019Q1,The,127,neutral
2019Q1,Times,126,neutral
2019Q1,Boeing,20,neutral
2019Q1,Virginia,14,neutral
2019Q1,Venezuela,12,neutral
2019Q1,France,12,neutral
2019Q1,President,11,neutral
2019Q1,House,11,neutral
2019Q1,State,11,neutral
2019Q1,administration,11,neutral
2019Q1,Press,11,neutral
2019Q1,Age,11,neutral
2019Q1,Nancy,10,neutral
2019Q1,Doug,10,neutral
2019Q1,Sarah,10,neutral
2019Q1,the,10,neutral
2019Q1,Trump,10,neutral
2019Q1,California,10,neutral
2019Q1,Michael,10,neutral
2019Q1,Russia,10,neutral
2019Q1,Mills,9,neutral
2019Q1,White,9,neutral
2019Q1,Cohen,9,neutral
2019Q1,North,9,neutral
2019Q1,Associated,9,neutral
2019Q1,China,9,neutral
2019Q1,Syria,8,neutral
2019Q1,time,8,neutral
2019Q1,special,8,neutral
2019Q1,counsel,8,neutral
2019Q1,737,8,neutral
2019Q1,Mike,7,neutral
2019Q1,May,7,neutral
2019Q1,Robert,7,neutral
2019Q1,Union,7,neutral
2019Q1,Amazon,7,neutral
2019Q1,Warren,6,neutral
2019Q1,Iowa,6,neutral
2019Q1,Theresa,6,neutral
2019Q1,Erin,6,neutral
2019Q1,Elizabeth,5,neutral
2019Q1,national,5,neutral
2019Q1,emergency,5,neutral
2019Q1,government,5,neutral
2019Q1,Saudi,5,neutral
2019Q1,Kim,5,neutral
2019Q1,Chicago,5,neutral
2019Q1,United,5,neutral
2019Q2,The,159,neutral
2019Q2,New,158,neutral
2019Q2,York,156,neutral
2019Q2,Times,145,neutral
2019Q2,China,25,neutral
2019Q2,Iran,24,neutral
2019Q2,Sarah,18,neutral
2019Q2,House,17,neutral
2019Q2,Russia,15,neutral
2019Q2,President,15,neutral
2019Q2,Trump,15,neutral
2019Q2,White,14,neutral
2019Q2,France,13,neutral
2019Q2,Age,12,neutral
2019Q2,Erin,12,neutral
2019Q2,Mexico,12,neutral
2019Q2,Joe,11,neutral
2019Q2,North,11,neutral
2019Q2,Images,10,neutral
2019Q2,administration,10,neutral
2019Q2,Sri,10,neutral
2019Q2,Lanka,10,neutral
2019Q2,William,9,neutral
2019Q2,Boeing,9,neutral
2019Q2,abortion,9,neutral
2019Q2,special,8,neutral
2019Q2,Doug,8,neutral
2019Q2,Mills,8,neutral
2019Q2,Sanders,8,neutral
2019Q2,John,8,neutral
2019Q2,Donald,8,neutral
2019Q2,trade,8,neutral
2019Q2,counsel,7,neutral
2019Q2,United,7,neutral
2019Q2,Barr,7,neutral
2019Q2,Korea,7,neutral
2019Q2,Associated,7,neutral
2019Q2,Press,7,neutral
2019Q2,Nancy,7,neutral
2019Q2,Facebook,7,neutral
2019Q2,war,7,neutral
2019Q2,Hong,7,neutral
2019Q2,Kong,7,neutral
2019Q2,Shut,6,neutral
2019Q2,South,6,neutral
2019Q2,Border,6,neutral
2019Q2,Elizabeth,6,neutral
2019Q2,Saudi,6,neutral
2019Q2,Alabama,5,neutral
2019Q2,president,5,neutral
2019Q3,The,157,neutral
2019Q3,New,153,neutral
2019Q3,York,149,neutral
2019Q3,Times,142,neutral
2019Q3,China,22,neutral
2019Q3,Press,22,neutral
2019Q3,Associated,19,neutral
2019Q3,Iran,18,neutral
2019Q3,France,16,neutral
2019Q3,Erin,16,neutral
2019Q3,Ukraine,15,neutral
2019Q3,Hong,13,neutral
2019Q3,Kong,13,neutral
2019Q3,Age,13,neutral
2019Q3,Joe,13,neutral
2019Q3,Johnson,13,neutral
2019Q3,Paso,13,neutral
2019Q3,Doug,12,neutral
2019Q3,Mills,12,neutral
2019Q3,Bahamas,12,neutral
2019Q3,White,11,neutral
2019Q3,Images,11,neutral
2019Q3,administration,10,neutral
2019Q3,House,10,neutral
2019Q3,Hurricane,10,neutral
2019Q3,Trump,9,neutral
2019Q3,United,9,neutral
2019Q3,States,9,neutral
2019Q3,Elizabeth,9,neutral
2019Q3,Jeffrey,9,neutral
2019Q3,sex,9,neutral
2019Q3,President,9,neutral
2019Q3,Warren,8,neutral
2019Q3,Get,8,neutral
2019Q3,News,7,neutral
2019Q3,Russia,7,neutral
2019Q3,Anna,7,neutral
2019Q3,Money,7,neutral
2019Q3,Climate,7,neutral
2019Q3,shooting,7,neutral
2019Q3,Dorian,7,neutral
2019Q3,Manhattan,6,neutral
2019Q3,General,6,neutral
2019Q3,California,6,neutral
2019Q3,Carolina,6,neutral
2019Q3,time,6,neutral
2019Q3,Sanders,6,neutral
2019Q3,Sang,6,neutral
2019Q3,Post,6,neutral
2019Q3,people,6,neutral
2019Q4,The,188,neutral
2019Q4,New,182,neutral
2019Q4,York,179,neutral
2019Q4,Times,169,neutral
2019Q4,Ukraine,46,neutral
2019Q4,House,34,neutral
2019Q4,imp,33,neutral
2019Q4,White,27,neutral
2019Q4,Erin,20,neutral
2019Q4,Bloomberg,17,positive
2019Q4,Syria,15,neutral
2019Q4,Warren,13,neutral
2019Q4,Boeing,13,neutral
2019Q4,Anna,13,neutral
2019Q4,Money,13,neutral
2019Q4,France,12,neutral
2019Q4,China,11,neutral
2019Q4,Age,11,neutral
2019Q4,California,11,neutral
2019Q4,Press,11,neutral
2019Q4,Doug,11,neutral
2019Q4,Mills,11,neutral
2019Q4,Kong,10,neutral
2019Q4,But,10,neutral
2019Q4,Elizabeth,10,neutral
2019Q4,Michael,10,neutral
2019Q4,Hong,9,neutral
2019Q4,Sanders,9,neutral
2019Q4,Joe,9,neutral
2019Q4,Russia,9,neutral
2019Q4,Twitter,9,neutral
2019Q4,Pete,8,neutral
2019Q4,Trump,8,neutral
2019Q4,Associated,8,neutral
2019Q4,City,8,neutral
2019Q4,Pro,7,neutral
2019Q4,Bernie,7,neutral
2019Q4,Iowa,7,neutral
2019Q4,Weekly,7,neutral
2019Q4,Images,7,neutral
2019Q4,Mike,6,neutral
2019Q4,William,6,neutral
2019Q4,President,6,neutral
2019Q4,United,6,neutral
2019Q4,North,6,neutral
2019Q4,News,6,neutral
2019Q4,Iran,6,neutral
2019Q4,737,6,neutral
2019Q4,sub,5,neutral
2019Q4,Facebook,5,neutral
2020Q1,New,129,neutral
2020Q1,York,119,neutral
2020Q1,The,116,neutral
2020Q1,Times,98,neutral
2020Q1,Iran,37,neutral
2020Q1,China,30,neutral
2020Q1,Sanders,28,neutral
2020Q1,Iowa,25,neutral
2020Q1,Bernie,23,neutral
2020Q1,Press,14,neutral
2020Q1,Associated,13,neutral
2020Q1,Age,12,neutral
2020Q1,Bloomberg,12,positive
2020Q1,Ukraine,10,neutral
2020Q1,Joe,10,neutral
2020Q1,France,10,neutral
2020Q1,Doug,10,neutral
2020Q1,Mills,10,neutral
2020Q1,Warren,9,neutral
2020Q1,people,9,neutral
2020Q1,imp,9,neutral
2020Q1,Andrew,9,neutral
2020Q1,Nevada,9,neutral
2020Q1,time,8,neutral
2020Q1,Erin,8,neutral
2020Q1,White,8,neutral
2020Q1,Street,8,neutral
2020Q1,City,8,neutral
2020Q1,Elizabeth,7,neutral
2020Q1,House,7,neutral
2020Q1,Pete,7,neutral
2020Q1,But,7,neutral
2020Q1,Images,7,neutral
2020Q1,World,7,neutral
2020Q1,cruise,7,neutral
2020Q1,ship,7,neutral
2020Q1,Wall,7,neutral
2020Q1,Mike,6,neutral
2020Q1,Anna,6,neutral
2020Q1,South,6,neutral
2020Q1,Carolina,6,neutral
2020Q1,William,6,neutral
2020Q1,Super,6,positive
2020Q1,Michael,6,neutral
2020Q1,Italy,6,neutral
2020Q1,pan,6,neutral
2020Q1,Japan,5,neutral
2020Q1,War,5,neutral
2020Q1,Tehran,5,neutral
2020Q1,Boeing,5,neutral
2020Q2,New,144,neutral
2020Q2,York,128,neutral
2020Q2,The,111,neutral
2020Q2,Times,90,neutral
2020Q2,Press,28,neutral
2020Q2,pan,27,neutral
2020Q2,Associated,23,neutral
2020Q2,Images,19,neutral
2020Q2,Pro,16,neutral
2020Q2,Age,15,neutral
2020Q2,Get,15,neutral
2020Q2,George,15,neutral
2020Q2,Andrew,14,neutral
2020Q2,Brooklyn,12,neutral
2020Q2,China,12,neutral
2020Q2,France,12,neutral
2020Q2,Minneapolis,12,neutral
2020Q2,City,11,neutral
2020Q2,Japan,11,neutral
2020Q2,Texas,11,neutral
2020Q2,Wall,10,neutral
2020Q2,Nik,10,neutral
2020Q2,Britain,10,neutral
2020Q2,Germany,10,neutral
2020Q2,Floyd,10,neutral
2020Q2,Jersey,9,neutral
2020Q2,White,9,neutral
2020Q2,House,9,neutral
2020Q2,Street,9,neutral
2020Q2,Lee,8,neutral
2020Q2,Manhattan,7,neutral
2020Q2,people,7,neutral
2020Q2,administration,7,neutral
2020Q2,Hole,7,neutral
2020Q2,Erin,7,neutral
2020Q2,lock,7,neutral
2020Q2,vaccine,7,neutral
2020Q2,Atlanta,7,neutral
2020Q2,unemployment,7,negative
2020Q2,Trump,7,neutral
2020Q2,economy,6,neutral
2020Q2,social,6,neutral
2020Q2,Washington,6,neutral
2020Q2,Joe,6,neutral
2020Q2,Doug,6,neutral
2020Q2,Rabbit,6,neutral
2020Q2,America,6,neutral
2020Q2,Houston,6,neutral
2020Q2,John,5,neutral
2020Q2,Death,5,negative
2020Q3,The,111,neutral
2020Q3,New,108,neutral
2020Q3,York,106,neutral
2020Q3,Times,104,neutral
2020Q3,Joe,26,neutral
2020Q3,White,22,neutral
2020Q3,pan,17,neutral
2020Q3,House,17,neutral
2020Q3,California,17,neutral
2020Q3,Images,16,neutral
2020Q3,Texas,15,neutral
2020Q3,Trump,15,neutral
2020Q3,Ruth,13,neutral
2020Q3,National,13,neutral
2020Q3,Associated,12,neutral
2020Q3,China,12,neutral
2020Q3,Get,12,neutral
2020Q3,Doug,12,neutral
2020Q3,Convention,12,neutral
2020Q3,Press,11,neutral
2020Q3,Mills,11,neutral
2020Q3,time,10,neutral
2020Q3,Bad,10,neutral
2020Q3,Age,9,neutral
2020Q3,administration,9,neutral
2020Q3,Harris,9,neutral
2020Q3,Washington,8,neutral
2020Q3,France,8,neutral
2020Q3,Erin,8,neutral
2020Q3,Pro,8,neutral
2020Q3,Kamal,8,neutral
2020Q3,Ken,8,neutral
2020Q3,John,7,neutral
2020Q3,Michael,7,neutral
2020Q3,President,7,neutral
2020Q3,Republican,7,neutral
2020Q3,people,7,neutral
2020Q3,City,6,neutral
2020Q3,Barr,6,neutral
2020Q3,Houston,6,neutral
2020Q3,Election,6,neutral
2020Q3,vaccine,6,neutral
2020Q3,climate,6,neutral
2020Q3,change,6,neutral
2020Q3,Time,6,neutral
2020Q3,Michelle,6,neutral
2020Q3,Mike,6,neutral
2020Q3,Con,6,neutral
2020Q3,Miami,5,neutral
2020Q3,Big,5,positive
2020Q4,The,97,neutral
2020Q4,New,86,neutral
2020Q4,York,82,neutral
2020Q4,Times,69,neutral
2020Q4,Joe,45,neutral
2020Q4,Trump,33,neutral
2020Q4,White,24,neutral
2020Q4,House,24,neutral
2020Q4,Love,22,positive
2020Q4,vaccine,21,neutral
2020Q4,Press,19,neutral
2020Q4,Georgia,18,neutral
2020Q4,Associated,17,neutral
2020Q4,pan,16,neutral
2020Q4,Donald,14,neutral
2020Q4,Images,13,neutral
2020Q4,Joseph,13,neutral
2020Q4,Con,11,neutral
2020Q4,Get,11,neutral
2020Q4,people,10,neutral
2020Q4,American,9,neutral
2020Q4,Erin,9,neutral
2020Q4,President,9,neutral
2020Q4,Pennsylvania,9,neutral
2020Q4,City,9,neutral
2020Q4,Modern,8,neutral
2020Q4,administration,8,neutral
2020Q4,Amy,7,neutral
2020Q4,Barrett,7,neutral
2020Q4,Election,7,neutral
2020Q4,Day,7,neutral
2020Q4,Google,7,neutral
2020Q4,Mitch,7,neutral
2020Q4,Thanksgiving,7,positive
2020Q4,California,7,neutral
2020Q4,France,6,neutral
2020Q4,Life,6,neutral
2020Q4,Texas,5,neutral
2020Q4,Brooklyn,5,neutral
2020Q4,Time,5,neutral
2020Q4,Miami,5,neutral
2020Q4,North,5,neutral
2020Q4,Carolina,5,neutral
2020Q4,general,5,neutral
2020Q4,David,5,neutral
2020Q4,Daily,5,neutral
2020Q4,Deal,5,neutral
2020Q4,This,5,neutral
2020Q4,Ira,5,neutral
2020Q4,Glass,5,neutral
2021Q1,The,94,neutral
2021Q1,New,91,neutral
2021Q1,York,84,neutral
2021Q1,Times,71,neutral
2021Q1,pan,23,neutral
2021Q1,vaccine,22,neutral
2021Q1,Texas,18,neutral
2021Q1,Andrew,17,neutral
2021Q1,Erin,14,neutral
2021Q1,Ezra,14,neutral
2021Q1,Trump,13,neutral
2021Q1,Klein,13,neutral
2021Q1,Georgia,9,neutral
2021Q1,Anna,9,neutral
2021Q1,Money,9,neutral
2021Q1,Joe,9,neutral
2021Q1,Press,9,neutral
2021Q1,stimulus,8,neutral
2021Q1,Donald,8,neutral
2021Q1,Daily,8,neutral
2021Q1,Riot,8,negative
2021Q1,Game,8,neutral
2021Q1,time,7,neutral
2021Q1,Associated,7,neutral
2021Q1,life,7,neutral
2021Q1,Capitol,7,neutral
2021Q1,White,7,neutral
2021Q1,House,7,neutral
2021Q1,people,7,neutral
2021Q1,Wall,6,neutral
2021Q1,Johnson,6,neutral
2021Q1,Get,6,neutral
2021Q1,Images,6,neutral
2021Q1,Scott,6,neutral
2021Q1,riot,6,neutral
2021Q1,President,6,neutral
2021Q1,City,6,neutral
2021Q1,Pro,6,neutral
2021Q1,Street,5,neutral
2021Q1,imp,5,neutral
2021Q1,James,5,neutral
2021Q1,Police,5,neutral
2021Q1,administration,5,neutral
2021Q1,China,5,neutral
2021Q1,nursing,5,neutral
2021Q1,climate,5,neutral
2021Q1,Fox,5,neutral
2021Q1,News,5,neutral
2021Q1,Houston,5,neutral
2021Q1,economy,4,neutral
2021Q2,New,92,neutral
2021Q2,York,83,neutral
2021Q2,The,80,neutral
2021Q2,Times,62,neutral
2021Q2,Gaza,27,neutral
2021Q2,Israel,23,neutral
2021Q2,Ezra,17,neutral
2021Q2,Klein,16,neutral
2021Q2,vaccine,16,neutral
2021Q2,Derek,16,neutral
2021Q2,Cha,16,neutral
2021Q2,pan,15,neutral
2021Q2,City,14,neutral
2021Q2,Net,14,neutral
2021Q2,people,12,neutral
2021Q2,President,11,neutral
2021Q2,Facebook,11,neutral
2021Q2,Afghanistan,10,neutral
2021Q2,administration,9,neutral
2021Q2,India,9,neutral
2021Q2,West,9,neutral
2021Q2,Benjamin,9,neutral
2021Q2,Images,8,neutral
2021Q2,mayor,8,neutral
2021Q2,Mayor,8,neutral
2021Q2,Bank,8,neutral
2021Q2,Get,7,neutral
2021Q2,Johnson,7,neutral
2021Q2,time,6,neutral
2021Q2,riot,6,neutral
2021Q2,Iran,6,neutral
2021Q2,Minneapolis,6,neutral
2021Q2,War,6,neutral
2021Q2,Pro,6,neutral
2021Q2,Lok,6,neutral
2021Q2,Miami,6,neutral
2021Q2,Press,6,neutral
2021Q2,House,6,neutral
2021Q2,White,6,neutral
2021Q2,Gabriel,6,neutral
2021Q2,Brazil,5,neutral
2021Q2,France,5,neutral
2021Q2,California,5,neutral
2021Q2,Odessa,5,neutral
2021Q2,George,5,neutral
2021Q2,murder,5,negative
2021Q2,Man,5,neutral
2021Q2,Russia,5,neutral
2021Q2,Erin,5,neutral
2021Q2,China,5,neutral
2021Q3,New,116,neutral
2021Q3,York,105,neutral
2021Q3,The,89,neutral
2021Q3,Times,78,neutral
2021Q3,Taliban,56,neutral
2021Q3,Kabul,52,neutral
2021Q3,Afghanistan,33,neutral
2021Q3,Texas,17,neutral
2021Q3,pan,15,neutral
2021Q3,Andrew,14,neutral
2021Q3,Haiti,13,neutral
2021Q3,vaccine,13,neutral
2021Q3,people,10,neutral
2021Q3,President,10,neutral
2021Q3,Jim,10,neutral
2021Q3,City,9,neutral
2021Q3,abortion,9,neutral
2021Q3,France,8,neutral
2021Q3,White,8,neutral
2021Q3,House,8,neutral
2021Q3,Sur,7,neutral
2021Q3,Press,7,neutral
2021Q3,Bill,7,neutral
2021Q3,United,7,neutral
2021Q3,States,7,neutral
2021Q3,Russia,7,neutral
2021Q3,California,7,neutral
2021Q3,Associated,6,neutral
2021Q3,Victor,6,neutral
2021Q3,Blue,6,positive
2021Q3,Age,6,neutral
2021Q3,climate,6,neutral
2021Q3,Europe,6,neutral
2021Q3,Tokyo,6,neutral
2021Q3,Orleans,6,neutral
2021Q3,Trump,5,neutral
2021Q3,administration,5,neutral
2021Q3,Col,5,neutral
2021Q3,Images,5,neutral
2021Q3,Man,5,neutral
2021Q3,Infrastructure,5,neutral
2021Q3,Climate,5,neutral
2021Q3,America,4,neutral
2021Q3,military,4,neutral
2021Q3,Sarah,4,neutral
2021Q3,Sin,4,neutral
2021Q3,change,4,neutral
2021Q3,Mask,4,neutral
2021Q3,Federico,4,neutral
2021Q3,Rio,4,neutral
2021Q4,New,146,neutral
2021Q4,York,135,neutral
2021Q4,The,121,neutral
2021Q4,Times,115,neutral
2021Q4,vaccine,23,neutral
2021Q4,Man,14,neutral
2021Q4,Live,13,neutral
2021Q4,City,12,neutral
2021Q4,climate,12,neutral
2021Q4,pan,12,neutral
2021Q4,Facebook,11,neutral
2021Q4,social,10,neutral
2021Q4,Climate,10,neutral
2021Q4,White,10,neutral
2021Q4,China,9,neutral
2021Q4,House,9,neutral
2021Q4,Texas,9,neutral
2021Q4,Africa,9,neutral
2021Q4,Age,8,neutral
2021Q4,time,8,neutral
2021Q4,Johnson,8,neutral
2021Q4,Virginia,8,neutral
2021Q4,people,8,neutral
2021Q4,abortion,8,neutral
2021Q4,Joe,7,neutral
2021Q4,James,7,neutral
2021Q4,President,7,neutral
2021Q4,Andrew,7,neutral
2021Q4,Stephen,7,neutral
2021Q4,Jersey,6,neutral
2021Q4,Erin,6,neutral
2021Q4,energy,6,neutral
2021Q4,con,5,neutral
2021Q4,Twitter,5,neutral
2021Q4,Modern,5,neutral
2021Q4,Sub,5,neutral
2021Q4,Tom,5,neutral
2021Q4,Associated,5,neutral
2021Q4,Press,5,neutral
2021Q4,Ashley,5,neutral
2021Q4,Ukraine,5,neutral
2021Q4,Isa,5,neutral
2021Q4,Nancy,4,neutral
2021Q4,United,4,neutral
2021Q4,Gabriel,4,neutral
2021Q4,mayor,4,neutral
2021Q4,France,4,neutral
2021Q4,inflation,4,neutral
2021Q4,Con,4,neutral
2021Q4,Steve,4,neutral
